https,csp,hsts,x_frame_options,x_content_type_options,secure_cookie,httponly_cookie,samesite_cookie,num_forms,password_fields,url_length,query_parameters,external_scripts,inline_scripts,http_status,sql_error_indicator,reflected_payload_indicator,server_error_indicator,mixed_content_count,exposed_paths,blind_sqli_indicator,dom_xss_indicator,csrf_missing_token,unsafe_upload_indicator,weak_session_indicator,weak_csp_indicator,open_redirect_indicator,command_input_surface,file_path_input_surface,stored_input_surface,file_upload_surface,login_surface,api_surface,label
1,1,1,0,1,1,1,0,4,0,110,3,13,6,200,0,0,0,0,0,0,0,1,0,1,0,0,0,0,0,0,0,0,MEDIUM
1,1,0,1,1,1,1,1,0,0,93,4,4,5,301,0,1,0,1,0,0,0,0,0,0,0,0,0,0,0,0,0,0,HIGH
1,0,1,1,1,1,1,1,4,2,122,1,6,10,302,1,0,0,0,0,1,0,0,0,0,1,0,0,0,0,0,1,0,CRITICAL
1,1,0,1,1,1,1,1,0,0,140,1,20,7,200,0,0,0,0,0,0,0,0,0,0,0,0,0,0,0,0,0,1,LOW
1,0,1,1,0,0,0,1,2,0,92,2,20,1,200,0,0,0,0,0,0,0,0,0,1,1,0,0,0,0,0,0,0,MEDIUM
0,1,0,1,1,0,0,1,3,0,52,1,3,1,200,0,1,0,0,0,0,0,0,0,1,0,0,0,0,0,0,0,0,HIGH
1,1,1,1,1,1,1,1,3,0,21,1,11,7,302,0,0,0,0,0,0,0,0,0,0,0,0,0,1,0,0,0,0,SAFE
1,1,0,1,1,1,1,1,4,0,33,2,5,5,200,0,0,0,0,0,0,0,0,0,0,0,0,0,0,0,0,0,0,LOW
1,1,0,1,1,1,0,1,3,0,145,0,12,7,200,0,0,0,0,0,0,0,0,0,1,0,0,0,0,1,0,0,0,MEDIUM
1,1,0,1,1,1,1,1,4,0,121,4,2,7,200,0,0,0,0,0,0,0,0,0,0,0,0,0,0,0,0,0,0,LOW
1,1,1,1,1,1,0,1,1,1,124,2,19,2,301,1,0,0,0,0,0,0,0,0,1,0,0,0,0,0,0,1,0,CRITICAL
1,1,1,1,1,1,1,1,0,0,144,0,16,2,200,0,0,0,0,0,0,0,0,0,0,1,0,0,0,0,0,0,0,LOW
1,1,1,1,1,1,1,0,2,0,41,3,11,4,200,0,0,0,0,0,0,0,0,0,1,0,0,0,0,1,0,0,0,LOW
1,1,1,1,1,1,1,1,4,0,59,3,11,1,200,0,0,0,0,0,0,0,0,0,0,0,0,0,0,0,0,0,1,SAFE
1,1,1,1,1,1,1,1,3,0,30,2,14,8,200,1,1,0,0,0,1,0,0,0,0,0,0,0,0,0,0,0,0,CRITICAL
0,1,0,1,1,0,1,1,4,1,68,3,17,10,200,0,0,0,0,0,0,0,0,0,1,0,0,0,0,0,0,1,0,HIGH
1,1,1,1,1,1,1,1,0,0,115,3,17,7,200,0,0,0,0,0,0,0,0,0,0,0,0,0,0,0,0,0,1,SAFE
1,1,1,1,1,1,1,0,4,0,137,1,24,5,200,0,0,0,0,0,0,0,0,0,1,0,0,0,0,0,0,0,1,LOW
1,1,1,1,1,1,1,1,2,2,47,0,13,7,200,0,0,0,0,0,0,0,0,0,0,1,0,0,0,0,0,1,0,LOW
1,0,1,1,1,1,0,1,3,0,21,2,17,9,200,0,0,0,0,0,0,0,0,0,1,1,0,0,0,0,0,0,0,MEDIUM
1,0,1,1,1,1,1,1,1,0,146,3,2,3,200,0,0,0,0,0,1,0,0,0,0,1,0,1,0,0,0,0,0,HIGH
1,1,1,1,1,1,1,1,2,0,108,1,7,3,200,0,0,0,0,2,0,0,0,0,0,0,0,0,0,0,0,0,1,HIGH
1,1,1,1,1,1,1,1,4,0,19,4,18,2,200,0,0,0,0,0,0,0,0,0,0,0,0,0,0,0,0,0,0,SAFE
1,1,1,1,1,1,1,0,4,0,36,1,1,5,200,0,0,0,0,0,0,0,0,0,1,0,0,0,1,1,0,0,1,LOW
1,1,0,1,0,1,0,0,1,0,134,3,0,0,200,0,0,0,0,0,0,0,0,0,1,0,0,0,0,0,0,0,0,MEDIUM
0,1,0,1,1,0,1,1,0,0,30,1,23,5,302,1,0,0,0,0,1,0,0,0,1,0,0,0,0,0,0,0,0,CRITICAL
0,1,0,1,1,1,1,1,3,2,134,3,15,10,302,1,1,0,0,0,1,0,0,0,0,0,0,0,0,0,0,1,0,CRITICAL
0,1,0,0,1,0,1,1,4,0,99,3,9,2,301,0,0,0,0,1,0,0,0,0,1,0,0,0,0,0,0,0,0,HIGH
1,1,0,1,1,1,1,1,3,1,73,2,7,0,200,0,0,0,0,0,0,0,0,0,0,0,0,0,0,0,0,1,1,LOW
1,1,1,1,1,0,1,0,0,0,126,1,28,1,200,0,0,0,0,0,0,0,0,0,1,0,0,0,0,0,0,0,0,MEDIUM
1,1,1,1,1,1,1,1,1,0,18,1,13,9,200,0,0,0,0,0,0,0,0,1,0,0,0,0,0,0,1,0,1,HIGH
1,1,1,1,1,1,1,0,0,0,140,0,12,3,200,0,0,0,0,0,0,0,0,0,1,0,0,0,0,0,0,0,1,LOW
0,1,0,1,1,0,1,0,2,2,133,3,25,0,200,1,0,0,0,0,1,0,0,0,1,0,0,1,0,0,0,1,0,CRITICAL
1,1,0,1,1,1,1,1,4,0,21,3,6,7,200,0,0,0,0,0,0,0,0,0,0,0,0,0,0,0,0,0,0,LOW
1,1,1,1,0,1,1,1,1,0,34,3,7,9,200,0,0,0,0,0,0,0,1,0,0,0,0,0,0,0,0,0,0,MEDIUM
1,1,1,1,1,1,1,1,3,0,127,1,25,9,200,1,0,0,0,0,0,0,0,0,0,0,0,0,0,0,0,0,0,CRITICAL
1,1,1,1,1,1,1,1,0,0,76,4,21,5,302,0,0,0,0,0,0,0,0,0,0,0,0,0,0,0,0,0,0,SAFE
1,1,1,1,1,1,1,1,2,0,125,0,0,4,200,0,0,0,0,0,0,0,0,0,0,1,0,0,1,0,0,0,0,LOW
0,1,0,1,1,0,0,1,0,0,138,2,17,10,200,1,1,0,0,0,1,0,0,0,1,0,0,0,0,0,0,0,1,CRITICAL
0,1,0,1,0,0,1,1,3,0,91,4,15,4,200,1,0,0,0,0,1,0,0,0,1,0,0,0,0,0,0,0,0,CRITICAL
0,1,0,1,1,0,1,1,2,0,115,2,16,4,301,0,0,0,0,0,0,0,0,0,1,0,0,1,0,0,0,0,0,HIGH
0,1,0,1,1,0,1,0,2,0,94,3,5,10,200,1,1,0,0,0,1,0,0,0,1,0,0,0,0,0,0,0,0,CRITICAL
1,1,1,1,0,0,1,0,3,0,66,1,2,4,200,0,0,0,0,0,0,0,1,0,1,0,0,0,0,0,0,0,0,MEDIUM
1,1,1,1,1,0,1,0,0,0,81,2,12,8,302,0,0,0,0,0,0,0,0,0,1,0,0,0,0,0,0,0,0,MEDIUM
1,1,1,1,1,0,1,0,3,0,55,4,19,8,200,0,0,0,0,0,0,0,0,0,1,0,0,0,0,0,0,0,1,MEDIUM
1,1,0,1,1,1,1,0,1,0,96,4,23,0,200,0,0,0,0,0,1,0,0,0,1,0,0,1,0,0,0,0,0,HIGH
1,1,1,1,1,1,1,1,3,0,131,2,10,1,200,0,0,0,0,0,0,0,0,0,0,1,0,0,1,0,0,0,1,LOW
1,1,1,1,1,1,1,1,3,0,56,0,7,4,200,0,0,0,0,0,0,0,0,0,0,0,0,0,1,0,0,0,1,SAFE
0,1,0,1,1,0,1,1,4,0,41,1,23,4,200,1,1,0,0,0,1,0,0,0,1,0,0,0,0,0,0,0,1,CRITICAL
1,1,1,1,0,1,1,1,0,0,140,1,11,8,500,0,0,1,0,0,1,0,0,0,0,0,0,0,0,0,0,0,1,HIGH
1,1,1,1,1,1,1,1,4,0,125,3,24,1,200,0,0,0,0,0,0,0,0,0,0,0,0,0,0,0,0,0,0,SAFE
1,1,1,1,1,1,1,1,4,0,60,3,11,7,200,0,0,0,0,0,0,1,0,0,0,0,0,0,0,0,0,0,0,HIGH
1,0,0,1,1,0,1,0,3,0,67,2,17,9,200,0,0,0,0,0,0,0,0,0,1,1,0,0,0,0,0,0,0,MEDIUM
1,1,0,0,1,0,0,1,4,0,109,4,22,10,200,0,0,0,0,0,0,0,0,0,1,0,0,0,0,0,0,0,0,MEDIUM
1,1,1,1,1,1,1,1,0,0,148,4,5,9,200,0,0,0,0,0,0,0,0,0,0,0,0,0,1,0,0,0,1,SAFE
1,1,1,1,1,1,1,1,0,0,140,1,12,6,302,1,0,0,0,0,1,0,0,0,0,0,0,0,0,0,0,0,0,CRITICAL
1,1,0,1,0,1,1,1,2,0,21,0,8,1,200,0,0,0,0,0,0,0,1,0,0,0,0,0,0,0,0,0,0,MEDIUM
1,1,1,1,1,1,1,0,4,0,100,1,10,8,302,1,1,0,0,0,1,0,0,0,1,0,0,0,0,0,0,0,0,CRITICAL
1,1,1,1,1,1,1,0,2,1,125,3,21,3,200,0,0,0,0,0,0,0,0,0,1,0,0,0,0,0,0,1,0,LOW
1,1,1,1,1,1,1,1,3,0,54,1,21,0,301,0,0,0,0,0,0,0,0,0,0,0,0,0,0,0,0,0,0,SAFE
0,0,0,1,1,1,1,1,0,0,130,1,27,0,200,0,0,0,0,0,0,0,0,0,0,1,0,0,0,0,0,0,0,HIGH
1,1,0,1,1,0,0,0,2,0,125,3,9,4,301,0,0,0,0,0,0,0,0,0,1,0,0,0,0,0,0,0,0,MEDIUM
1,1,1,1,1,1,1,1,1,0,97,2,19,4,200,0,0,0,0,0,0,0,0,0,0,0,0,0,0,0,0,0,0,SAFE
1,1,1,1,1,1,1,0,2,0,48,1,0,4,301,0,0,0,0,0,0,0,0,0,1,0,0,0,0,0,0,0,1,LOW
1,1,1,1,1,1,1,1,0,0,132,4,8,1,200,1,1,0,0,0,0,0,0,0,0,0,0,0,0,0,0,0,0,CRITICAL
1,1,1,1,1,1,1,1,0,0,118,4,27,9,200,0,0,0,0,0,0,1,0,0,0,0,0,0,0,0,0,0,0,HIGH
1,1,1,1,1,1,1,1,3,0,65,2,23,9,301,0,0,0,0,0,0,0,0,0,0,0,0,1,0,0,0,0,1,SAFE
1,1,1,1,1,1,1,1,3,2,93,4,11,3,200,0,0,0,0,0,0,0,0,0,0,0,0,0,0,0,0,1,0,SAFE
0,1,0,1,1,1,1,1,2,0,102,1,6,8,200,1,0,0,0,0,0,0,0,0,0,0,0,0,0,0,0,0,0,CRITICAL
1,0,0,1,1,1,1,1,1,0,105,1,17,7,200,0,0,0,0,0,0,0,0,0,0,1,0,0,0,0,0,0,0,MEDIUM
1,1,1,1,1,1,1,1,3,2,129,3,5,4,302,0,0,0,0,0,0,0,0,0,0,0,0,0,0,0,0,1,1,SAFE
1,1,0,1,0,1,1,1,2,0,80,1,3,7,200,0,0,0,0,0,0,0,0,0,0,0,0,0,0,0,0,0,0,MEDIUM
1,1,1,1,1,1,1,1,4,0,140,2,1,1,200,0,0,0,0,0,0,0,0,0,0,0,0,0,0,0,0,0,0,SAFE
1,1,1,1,1,1,1,1,0,0,148,4,4,5,302,0,0,0,0,0,0,0,0,0,0,0,0,0,0,0,0,0,0,SAFE
0,0,0,1,1,0,1,1,3,0,88,2,8,5,301,1,0,0,0,0,1,0,0,0,1,1,0,0,0,0,0,0,1,CRITICAL
1,1,1,1,1,1,1,1,2,0,119,4,5,4,200,0,0,0,0,0,0,0,0,0,0,0,0,0,0,0,0,0,0,SAFE
1,1,0,1,1,1,1,1,4,0,40,0,11,1,200,0,0,0,0,0,0,0,0,0,0,0,0,0,0,0,0,0,0,LOW
1,1,1,1,1,1,1,0,0,0,123,3,28,8,200,0,0,0,0,0,0,0,0,0,1,0,0,0,0,0,0,0,0,LOW
1,1,1,1,0,1,1,1,3,2,117,2,8,3,200,0,0,0,0,0,0,0,0,0,0,0,0,0,0,0,1,1,0,LOW
1,1,1,1,1,1,1,0,2,0,84,3,5,0,200,1,0,0,0,0,1,0,0,0,1,0,0,1,0,0,0,0,0,CRITICAL
1,1,1,1,1,1,1,1,0,0,52,1,11,1,200,1,0,0,0,0,1,0,0,0,0,0,0,0,1,0,0,0,0,CRITICAL
1,1,1,1,1,1,1,0,4,1,94,1,21,2,302,0,0,0,0,0,0,0,0,0,1,0,0,0,1,0,0,1,0,LOW
0,1,0,1,0,0,0,1,3,0,108,2,24,3,200,0,0,0,0,1,0,0,0,0,1,0,0,0,0,0,0,0,0,HIGH
1,0,1,1,1,1,0,0,1,1,66,2,12,9,200,0,0,0,0,0,0,0,0,0,1,1,0,0,0,0,0,1,0,MEDIUM
1,1,1,1,1,1,1,0,3,0,50,3,3,10,200,0,1,0,0,0,1,0,0,0,1,0,0,1,0,0,0,0,0,HIGH
0,0,0,1,1,0,1,1,2,0,107,4,17,5,200,1,0,0,0,0,0,0,0,0,1,1,0,1,0,0,0,0,0,CRITICAL
1,1,1,1,1,1,1,0,0,0,122,2,24,5,200,0,0,0,0,0,0,0,0,0,1,0,0,0,0,0,0,0,0,LOW
1,1,1,1,1,1,1,1,0,0,107,4,10,4,301,1,0,0,0,0,1,0,0,0,0,0,0,0,0,0,0,0,0,CRITICAL
1,0,0,1,1,1,1,1,0,0,40,2,24,8,200,0,0,0,0,0,0,0,0,0,0,1,0,0,0,0,0,0,1,MEDIUM
1,1,1,1,1,1,1,1,1,0,45,1,16,10,200,0,0,0,0,0,0,0,0,0,0,0,0,0,0,1,0,0,1,SAFE
1,1,1,1,1,1,1,1,2,0,104,2,0,3,200,0,0,0,0,0,0,0,0,0,0,0,0,1,1,0,0,0,1,SAFE
0,1,0,1,1,0,1,0,0,0,74,0,26,7,301,0,0,0,0,0,0,1,0,0,1,0,0,0,0,0,0,0,0,HIGH
1,1,1,1,1,0,1,1,4,0,130,0,10,2,500,0,0,1,0,0,0,0,0,1,1,0,0,1,0,0,1,0,0,HIGH
1,1,1,1,0,1,1,1,4,0,54,0,9,8,200,0,0,0,0,0,0,0,0,0,0,0,0,0,1,0,0,0,1,LOW
0,1,0,1,1,0,1,1,4,0,109,1,12,2,200,1,1,0,0,0,0,0,0,0,1,0,0,0,0,0,0,0,0,CRITICAL
1,1,1,1,1,1,1,1,2,2,38,1,4,1,200,0,0,0,0,0,0,0,0,0,0,1,0,0,0,0,1,1,0,LOW
1,1,1,1,1,1,1,1,4,0,85,1,4,10,200,0,0,0,0,0,0,0,0,0,0,0,0,0,0,0,0,0,1,SAFE
1,1,1,1,1,1,1,1,1,0,72,2,24,3,500,0,0,1,0,0,0,0,0,0,0,0,0,0,0,0,0,0,1,HIGH
0,1,0,1,1,0,1,0,4,0,123,3,3,2,302,1,1,0,0,0,1,0,0,0,1,0,0,0,0,0,1,0,0,CRITICAL
1,1,1,1,1,1,0,0,0,0,39,0,20,4,200,0,0,0,0,0,0,0,0,0,1,0,0,0,0,0,0,0,0,MEDIUM
0,1,0,1,1,1,0,1,3,0,79,1,17,0,301,1,0,0,0,0,0,0,0,0,1,0,0,0,0,0,0,0,0,CRITICAL
1,1,1,1,1,1,1,0,2,0,150,1,0,2,200,0,0,0,0,0,0,0,0,0,1,0,0,1,0,0,0,0,0,LOW
1,1,1,1,1,1,1,0,4,0,73,4,21,1,200,0,0,0,0,0,0,0,0,0,1,0,0,0,0,0,0,0,0,LOW
0,1,0,1,1,0,1,1,3,2,43,1,11,0,200,1,0,0,0,0,0,0,0,0,1,0,0,0,0,1,0,1,1,CRITICAL
1,0,1,1,0,0,1,1,3,0,41,2,2,1,302,0,0,0,0,0,0,0,0,0,1,1,0,0,0,0,0,0,0,MEDIUM
1,1,1,1,1,1,1,1,4,1,79,0,3,1,301,0,0,0,0,0,0,0,0,0,0,1,0,0,0,0,0,1,0,LOW
0,1,0,1,1,1,1,1,2,0,26,4,18,9,200,1,1,0,0,0,1,0,0,0,0,0,0,0,0,1,0,0,0,CRITICAL
1,1,1,0,0,1,1,1,3,1,50,3,5,5,200,0,0,0,0,0,0,0,0,0,0,0,0,0,0,0,0,1,1,MEDIUM
1,1,0,1,1,1,1,1,2,0,114,4,4,4,200,0,0,0,0,0,0,0,0,0,0,0,0,0,0,1,0,0,0,LOW
1,1,1,1,1,1,1,1,0,0,124,0,18,7,200,0,0,0,0,0,0,0,0,0,0,0,0,0,0,0,0,0,1,SAFE
1,1,1,0,0,0,1,0,2,0,132,4,14,10,200,0,0,0,0,0,0,0,0,0,1,0,0,0,0,0,0,0,0,MEDIUM
0,0,0,1,1,1,1,1,2,0,62,1,15,4,200,0,1,0,0,0,0,0,0,0,0,1,0,0,0,0,0,0,1,HIGH
1,0,0,1,1,1,1,1,3,0,96,4,25,0,301,0,0,0,0,0,0,0,1,0,0,1,0,0,0,0,0,0,0,MEDIUM
1,1,0,1,0,1,1,1,3,1,98,2,24,4,200,0,0,0,0,0,0,0,0,0,0,0,0,1,0,0,0,1,1,MEDIUM
1,1,1,1,1,1,1,1,2,0,132,1,15,1,200,0,0,0,0,0,0,0,0,0,0,0,0,0,0,1,1,0,1,SAFE
1,1,1,1,1,1,1,1,3,0,25,0,26,5,200,0,0,0,0,0,0,0,0,0,0,0,0,0,0,0,0,0,1,SAFE
1,1,1,1,1,1,1,1,1,0,107,1,7,3,302,0,0,0,0,0,0,0,0,0,0,0,0,0,0,0,0,0,1,SAFE
1,1,1,1,1,1,1,1,1,0,138,1,27,6,301,0,0,0,0,0,0,0,0,0,0,1,0,0,0,0,1,0,1,LOW
0,1,0,1,1,0,0,1,2,0,139,1,4,1,200,0,0,0,0,0,0,0,0,0,1,0,0,0,0,1,0,0,0,HIGH
1,1,1,1,1,0,1,1,3,2,49,3,18,8,200,0,0,0,0,0,0,1,0,0,1,0,0,0,0,0,0,1,0,HIGH
1,1,1,1,1,1,1,1,2,1,27,1,28,6,200,0,0,0,0,0,0,0,0,0,0,0,0,0,0,1,0,1,0,SAFE
1,1,1,1,1,1,1,1,1,0,37,1,0,1,302,0,1,0,0,0,0,0,0,0,0,0,0,0,0,0,0,0,0,HIGH
0,1,0,1,0,0,1,1,4,0,133,2,10,1,200,0,0,0,0,0,0,0,0,0,1,0,0,0,0,0,0,0,1,HIGH
1,1,1,1,0,1,1,1,4,0,44,3,19,7,302,0,0,0,0,0,0,0,0,0,0,0,0,0,0,1,0,0,1,LOW
0,1,0,1,0,0,1,0,3,0,19,3,27,0,301,0,0,0,0,0,0,0,0,0,1,0,0,0,0,0,0,0,0,HIGH
1,1,1,1,1,1,1,1,0,0,43,0,27,2,200,0,0,0,0,0,0,0,0,0,0,0,0,0,0,0,0,0,0,SAFE
1,1,1,1,1,1,1,1,3,2,26,3,27,5,200,0,0,0,0,0,0,0,0,0,0,0,0,0,1,0,0,1,1,SAFE
1,1,1,1,0,1,1,1,4,0,96,3,21,5,301,0,0,0,0,0,0,0,0,0,0,0,0,0,1,0,0,0,1,LOW
1,1,1,1,1,1,1,1,0,0,33,3,11,8,200,0,0,0,0,0,0,0,0,0,0,0,0,0,0,0,0,0,0,SAFE
0,1,0,1,1,0,1,1,1,0,58,0,21,2,200,0,0,0,0,0,0,0,0,1,1,0,0,0,0,0,1,0,0,HIGH
1,1,1,1,1,1,1,1,0,0,114,3,12,3,200,0,0,0,0,0,0,0,0,0,0,0,0,0,0,0,0,0,0,SAFE
0,1,0,1,1,0,1,1,1,0,69,3,26,8,200,1,0,0,0,0,0,0,0,0,1,0,0,0,0,0,0,0,0,CRITICAL
0,1,0,1,0,1,1,1,3,0,138,2,18,1,302,0,0,0,0,0,0,0,0,0,0,0,0,0,0,0,0,0,1,HIGH
1,1,1,1,1,1,1,1,1,0,78,4,11,5,200,0,0,0,0,0,0,0,0,0,0,0,0,0,0,0,0,0,0,SAFE
1,1,1,1,1,1,1,1,3,0,79,3,14,4,200,1,1,0,0,0,0,0,0,0,0,0,0,0,0,1,1,0,1,CRITICAL
1,1,1,1,1,1,1,1,1,0,69,4,23,5,200,1,0,0,0,0,0,0,0,0,0,0,0,0,0,0,0,0,0,CRITICAL
1,0,0,1,1,1,0,0,1,0,47,4,8,8,200,0,0,0,0,0,0,0,0,0,1,1,0,0,0,0,0,0,1,MEDIUM
1,1,1,1,1,1,1,1,3,0,135,0,27,1,200,0,0,0,0,0,0,0,0,0,0,0,0,0,0,1,0,0,0,SAFE
1,1,1,1,1,0,1,1,2,1,75,1,1,10,200,0,0,0,0,0,0,0,1,0,1,0,0,0,0,0,0,1,1,MEDIUM
1,1,1,1,1,1,1,1,1,0,122,2,5,5,200,0,0,0,0,0,0,0,0,1,0,0,0,0,0,0,1,0,0,HIGH
0,1,0,1,1,0,0,1,3,1,74,2,5,8,301,0,0,0,0,0,0,0,0,0,1,0,0,0,0,1,0,1,1,HIGH
1,1,1,1,1,1,1,0,4,0,65,1,3,9,200,1,0,0,0,0,1,0,0,0,1,0,0,0,0,0,0,0,0,CRITICAL
1,0,1,1,1,1,1,0,0,0,53,2,17,7,302,0,0,0,0,0,0,0,0,0,1,1,0,0,0,0,0,0,0,MEDIUM
1,1,1,1,1,1,1,0,1,0,110,4,7,10,301,0,0,0,0,0,0,0,0,0,1,0,0,0,1,0,0,0,0,LOW
1,1,0,1,1,1,1,1,2,1,131,2,16,0,301,0,0,0,0,0,0,1,0,0,0,0,0,0,0,0,0,1,0,HIGH
0,1,0,1,1,0,0,1,2,0,62,4,27,2,302,1,0,0,0,0,1,0,0,0,1,0,0,0,0,0,0,0,0,CRITICAL
1,1,1,0,1,1,1,1,1,0,92,4,23,6,301,1,0,0,0,0,1,0,0,0,0,0,0,0,0,0,0,0,0,CRITICAL
1,1,1,1,1,1,1,0,0,0,150,0,16,9,200,0,0,0,0,0,0,0,0,0,1,0,0,0,0,0,0,0,0,LOW
1,1,1,1,1,1,1,1,3,0,53,2,3,8,301,1,0,0,0,0,1,0,0,0,0,0,0,0,0,0,0,0,0,CRITICAL
1,0,1,1,1,1,1,1,3,0,149,2,5,10,200,0,0,0,0,0,0,1,0,0,0,1,0,0,0,0,0,0,0,HIGH
1,0,0,0,0,1,1,1,1,0,134,3,28,0,200,0,0,0,0,0,0,0,0,0,0,1,0,0,1,0,0,0,1,MEDIUM
1,1,1,1,1,1,0,1,1,1,41,2,24,6,200,0,0,0,0,0,0,0,1,0,1,0,0,0,0,0,0,1,1,MEDIUM
1,1,1,1,1,1,1,1,4,0,137,2,21,10,200,0,0,0,0,0,0,0,0,0,0,0,0,0,0,0,0,0,1,SAFE
1,1,1,1,1,0,1,1,1,0,47,3,23,5,200,0,0,0,0,0,0,0,1,0,1,0,0,0,1,0,0,0,1,MEDIUM
0,1,0,1,1,0,1,1,1,0,57,3,1,1,302,1,0,0,0,0,1,0,0,0,1,0,0,0,1,0,0,0,1,CRITICAL
1,1,1,1,0,1,1,1,3,0,94,4,4,7,200,1,0,0,0,0,0,0,0,0,0,0,0,0,0,0,0,0,1,CRITICAL
1,1,1,1,1,1,0,1,2,0,19,1,10,5,200,0,0,0,5,0,1,0,0,0,1,0,0,0,0,0,0,0,0,HIGH
1,0,1,0,1,1,1,1,0,0,79,0,7,6,200,0,0,0,0,0,0,0,0,0,0,1,0,0,0,0,0,0,0,MEDIUM
1,1,1,0,1,1,1,1,2,0,28,1,28,2,301,1,0,0,0,0,1,0,0,0,0,0,0,0,0,0,0,0,0,CRITICAL
1,1,1,1,1,1,1,1,4,0,150,1,27,2,302,0,0,0,0,0,0,0,0,0,0,0,0,0,0,0,0,0,0,SAFE
0,1,0,1,1,1,1,1,2,0,47,3,16,10,200,1,0,0,0,0,1,0,0,0,0,0,0,0,0,0,0,0,0,CRITICAL
1,1,0,1,1,1,1,1,0,0,89,4,26,1,301,0,0,0,0,0,0,0,0,0,0,0,0,0,0,0,0,0,1,LOW
1,1,1,0,1,1,1,1,2,0,63,1,17,1,200,0,0,0,5,0,0,0,0,0,0,0,0,0,1,0,1,0,1,HIGH
1,1,1,1,0,1,1,0,4,0,68,0,18,3,200,0,0,0,4,0,0,0,0,0,1,0,0,0,0,0,0,0,0,HIGH
1,1,1,1,1,1,1,1,1,0,142,2,26,2,200,0,0,0,0,0,0,0,0,0,0,0,0,0,0,0,0,0,0,SAFE
1,1,1,1,1,1,1,1,3,0,99,2,13,10,200,0,0,0,0,0,0,0,0,0,0,0,0,0,0,0,0,0,0,SAFE
1,0,1,1,1,1,0,1,0,0,140,1,11,3,200,0,0,0,0,1,0,0,0,0,1,1,0,0,0,0,0,0,0,HIGH
1,0,1,1,1,1,1,1,4,0,22,0,25,2,200,0,0,0,0,2,0,0,0,0,0,1,0,1,0,0,1,0,1,HIGH
1,1,1,1,1,1,1,1,4,0,78,0,24,6,200,0,0,0,0,1,0,0,0,0,0,0,0,0,0,0,0,0,0,HIGH
1,1,1,1,1,1,1,1,1,1,27,1,21,7,200,1,0,0,0,0,0,0,0,0,0,0,0,0,0,0,0,1,0,CRITICAL
1,0,1,1,0,1,1,0,3,0,137,0,25,9,200,0,0,0,0,0,0,0,1,0,1,1,0,1,0,0,0,0,1,MEDIUM
1,1,1,1,1,1,1,1,1,0,141,3,25,1,301,1,0,0,0,0,1,0,0,0,0,0,0,1,0,0,0,0,1,CRITICAL
1,1,1,1,1,1,1,0,2,0,39,0,21,5,302,0,0,0,0,0,0,0,0,0,1,0,0,0,0,0,0,0,0,LOW
1,1,1,1,1,1,1,1,2,0,28,3,24,2,302,0,0,0,0,0,0,0,0,1,0,0,0,0,0,1,1,0,0,HIGH
1,1,1,1,1,1,1,1,4,1,127,2,21,5,301,0,0,0,0,0,1,0,0,0,0,0,0,1,0,0,0,1,0,HIGH
1,1,1,1,0,1,1,1,1,0,132,3,11,8,302,0,0,0,0,0,0,0,0,0,0,0,0,0,0,0,1,0,0,LOW
1,1,1,1,1,1,1,1,3,0,96,0,18,3,302,0,0,0,0,0,0,0,0,0,0,0,0,0,0,0,0,0,0,SAFE
1,0,1,1,0,0,0,1,3,0,93,0,8,0,302,0,0,0,0,0,0,0,0,0,1,1,0,0,0,1,0,0,0,MEDIUM
1,1,1,1,1,1,1,1,3,2,76,1,8,3,200,0,0,0,0,0,0,0,0,0,0,0,0,1,0,0,0,1,1,SAFE
1,1,1,1,1,1,1,1,1,1,75,3,9,1,200,0,0,0,0,0,0,0,0,0,0,0,0,0,0,0,0,1,1,SAFE
1,0,0,1,1,1,1,1,2,2,148,3,5,8,301,0,0,0,0,0,0,0,1,0,0,1,0,1,0,1,0,1,0,MEDIUM
1,1,1,0,1,0,0,1,4,0,24,0,25,10,200,0,0,0,0,0,0,0,1,0,1,0,0,0,1,0,0,0,0,MEDIUM
0,1,0,0,1,0,1,1,4,0,97,4,19,7,301,1,0,0,0,0,1,0,0,0,1,0,0,0,0,0,0,0,0,CRITICAL
1,1,1,1,1,1,1,1,1,1,97,3,12,0,200,0,0,0,0,0,0,0,0,0,0,1,0,0,0,0,0,1,1,LOW
1,0,1,1,1,1,1,1,1,0,62,0,19,2,200,0,0,0,0,0,0,0,1,0,0,1,0,0,0,0,0,0,0,MEDIUM
1,1,1,1,0,1,1,1,4,0,52,3,10,6,301,0,0,0,0,0,0,0,0,0,0,0,0,0,0,0,0,0,0,LOW
1,1,0,1,1,1,1,1,0,0,149,4,27,8,200,0,0,0,0,0,0,0,0,0,0,0,0,0,0,0,0,0,0,LOW
1,1,1,1,0,0,0,1,3,0,102,1,23,8,200,0,0,0,0,0,0,0,0,0,1,0,0,0,1,1,0,0,0,MEDIUM
1,1,1,1,0,1,1,1,0,0,57,2,22,5,301,0,0,0,0,0,0,0,0,0,0,0,0,0,0,0,0,0,1,LOW
1,1,0,1,1,0,1,1,3,0,138,3,27,5,200,0,0,0,0,0,0,0,1,0,1,0,0,0,0,0,0,0,0,MEDIUM
1,1,1,1,1,1,1,1,2,0,125,4,3,2,200,0,0,0,0,0,0,0,0,0,0,0,0,0,1,0,0,0,0,SAFE
1,1,1,1,1,1,1,1,0,0,83,2,21,3,302,0,0,0,0,0,1,0,0,0,0,0,0,0,1,0,0,0,0,HIGH
0,1,0,1,0,1,1,1,2,0,123,1,25,8,200,1,0,0,0,0,0,0,0,0,0,0,0,0,1,0,0,0,0,CRITICAL
1,1,1,1,1,1,1,1,1,1,112,4,27,10,200,1,0,0,0,0,0,0,0,0,0,0,0,0,0,0,0,1,0,CRITICAL
1,1,1,1,1,1,1,1,4,1,30,3,24,2,200,1,0,0,0,0,1,0,0,0,0,0,0,0,0,0,0,1,0,CRITICAL
1,1,1,1,1,1,1,1,3,0,84,2,6,3,301,1,0,0,0,0,1,0,0,0,0,0,0,0,0,1,0,0,0,CRITICAL
1,1,1,1,1,1,1,1,1,1,46,2,15,1,301,1,0,0,0,0,1,0,0,0,0,0,0,0,0,0,0,1,1,CRITICAL
1,1,1,1,1,1,1,0,0,0,116,3,18,0,200,0,0,0,0,0,0,0,0,0,1,0,0,0,0,0,0,0,0,LOW
1,1,1,1,0,1,1,1,1,0,36,0,17,3,500,0,0,1,0,0,0,0,0,1,0,0,0,0,0,0,1,0,0,HIGH
1,1,1,1,0,1,1,1,4,0,131,3,4,1,301,0,0,0,0,0,0,0,0,0,0,0,0,0,0,0,0,0,0,LOW
1,0,1,1,1,1,0,1,4,0,125,1,22,8,200,0,0,0,0,0,1,0,0,0,1,1,0,0,0,0,0,0,1,HIGH
1,1,1,0,1,1,1,1,1,0,142,2,8,1,200,0,0,0,0,0,0,0,1,0,0,0,0,0,0,0,0,0,0,MEDIUM
1,1,1,1,1,1,1,1,4,0,41,1,13,1,200,1,1,0,0,0,0,0,0,0,0,0,0,0,0,1,0,0,1,CRITICAL
0,0,0,1,1,0,1,1,4,0,42,2,1,1,200,0,0,0,0,0,0,0,0,0,1,1,0,0,0,0,0,0,0,HIGH
1,1,1,0,1,1,1,1,1,0,74,1,18,5,301,1,0,0,0,0,0,0,0,0,0,0,0,0,0,0,0,0,0,CRITICAL
0,1,0,1,1,0,1,1,2,0,33,4,2,3,200,0,0,0,0,0,0,0,0,0,1,0,0,0,0,0,0,0,1,HIGH
1,1,1,1,0,0,0,0,3,0,122,0,10,4,302,0,0,0,0,0,0,0,0,0,1,0,0,0,0,0,0,0,0,MEDIUM
0,1,0,1,1,0,1,1,3,0,147,3,17,9,200,0,0,0,0,0,0,0,0,0,1,0,0,0,0,0,0,0,0,HIGH
1,1,1,1,1,1,1,0,3,0,121,3,21,10,301,0,0,0,0,0,0,0,0,0,1,0,0,0,0,0,0,0,0,LOW
1,1,1,1,1,1,1,1,2,0,84,2,7,9,200,0,0,0,0,0,0,0,0,1,0,0,0,0,0,0,1,0,0,HIGH
1,1,1,1,1,1,1,0,4,0,57,1,3,10,301,0,0,0,0,0,0,0,0,0,1,0,0,0,0,0,0,0,0,LOW
1,1,0,1,1,1,1,1,2,0,74,1,24,1,200,0,1,0,0,0,0,0,0,0,0,0,0,0,0,0,1,0,1,HIGH
1,1,1,1,1,1,1,1,3,0,69,1,19,2,200,0,0,0,0,0,0,0,0,0,0,0,0,0,0,0,0,0,0,SAFE
1,1,1,1,1,1,1,1,0,0,114,4,18,1,200,0,0,0,0,0,0,0,0,0,0,0,0,0,0,0,0,0,0,SAFE
1,1,1,1,1,1,1,1,2,0,57,2,14,9,302,0,0,0,0,1,0,0,0,0,0,0,0,0,0,0,0,0,0,HIGH
1,1,1,1,1,1,1,1,0,0,129,2,9,2,200,0,0,0,0,0,0,0,0,0,0,0,0,0,0,0,0,0,0,SAFE
1,1,1,1,1,1,1,1,2,2,136,3,11,3,200,0,0,0,0,0,0,0,0,0,0,0,0,0,0,0,1,1,0,SAFE
1,1,1,1,1,1,1,1,1,0,126,0,3,1,302,0,0,0,0,0,0,0,0,0,0,0,0,0,0,0,0,0,0,SAFE
1,1,1,1,1,1,1,0,0,0,142,4,23,7,302,0,0,0,0,0,0,0,0,0,1,0,0,0,0,0,0,0,1,LOW
0,1,0,1,1,0,1,1,4,0,32,2,13,1,200,0,0,0,0,0,0,0,0,0,1,0,0,0,0,0,0,0,0,HIGH
0,1,0,1,1,0,0,1,0,0,65,1,12,4,200,1,1,0,0,0,0,0,0,0,1,0,0,0,0,0,0,0,1,CRITICAL
1,1,0,1,1,1,1,1,1,0,39,0,22,9,200,0,0,0,0,0,0,0,0,0,0,0,0,1,0,0,0,0,0,LOW
1,1,1,1,1,0,1,0,3,0,60,4,21,1,200,0,0,0,0,0,0,0,1,0,1,0,0,0,0,1,1,0,0,MEDIUM
1,0,1,1,1,1,1,1,3,2,149,2,15,0,500,0,0,1,0,0,0,0,0,0,0,1,0,0,0,0,0,1,1,HIGH
1,1,1,1,1,1,1,1,1,1,139,3,27,0,200,0,0,0,0,2,0,0,0,0,0,0,0,0,0,0,0,1,0,HIGH
0,1,0,1,1,0,1,1,1,0,100,4,10,0,200,1,1,0,0,0,0,0,0,0,1,0,0,0,0,0,0,0,0,CRITICAL
0,1,0,1,1,0,1,0,0,0,128,1,26,2,200,1,0,0,0,0,0,0,0,0,1,0,0,0,0,0,0,0,0,CRITICAL
0,0,0,1,1,1,1,1,4,0,113,2,6,0,302,1,0,0,0,0,1,0,0,0,0,1,0,0,0,0,0,0,0,CRITICAL
1,1,1,1,1,1,1,0,3,2,50,3,15,0,200,1,0,0,0,0,0,0,0,0,1,0,0,0,1,1,0,1,0,CRITICAL
1,1,1,1,1,1,1,1,0,0,100,3,27,6,200,0,0,0,0,0,0,0,0,0,0,0,0,0,0,0,0,0,0,SAFE
0,1,0,1,1,0,1,0,3,0,91,3,17,7,200,0,0,0,0,0,0,0,0,0,1,0,0,0,0,1,0,0,0,HIGH
1,1,1,1,1,1,1,1,1,1,88,0,19,6,301,0,0,0,0,0,0,0,0,0,0,1,0,0,0,0,0,1,0,LOW
1,1,0,1,1,1,0,1,1,0,112,4,8,8,500,0,0,1,0,0,0,0,0,0,1,0,0,0,0,0,0,0,0,HIGH
1,1,1,1,1,1,1,1,3,1,78,3,20,10,200,1,1,0,0,0,0,0,0,0,0,0,0,0,0,0,1,1,0,CRITICAL
1,1,1,1,0,1,1,0,2,0,21,2,27,5,200,0,0,0,0,0,0,0,1,0,1,0,0,0,0,0,0,0,0,MEDIUM
1,1,1,1,0,1,1,1,4,0,70,0,3,3,302,0,0,0,0,0,0,0,0,0,0,0,0,0,0,0,1,0,1,LOW
1,1,1,1,1,1,1,1,2,0,61,2,5,3,200,1,0,0,0,0,1,0,0,0,0,0,0,0,0,0,0,0,0,CRITICAL
1,1,1,1,1,1,0,1,1,0,58,1,11,0,200,1,0,0,0,0,0,0,0,0,1,0,0,0,0,0,1,0,1,CRITICAL
1,1,1,1,1,1,1,1,1,0,123,1,26,10,200,0,0,0,0,0,0,0,0,0,0,1,0,1,0,0,0,0,0,LOW
1,1,1,0,0,0,1,1,3,0,22,3,14,6,200,0,0,0,0,0,0,0,0,0,1,0,0,0,0,0,0,0,1,MEDIUM
0,1,0,0,1,0,1,1,2,0,127,2,11,7,302,1,1,0,0,0,0,0,0,0,1,0,0,0,0,0,1,0,0,CRITICAL
0,1,0,1,0,0,1,1,3,0,49,0,18,6,200,0,0,0,0,0,0,0,0,0,1,0,0,0,0,0,0,0,1,HIGH
1,0,1,0,1,1,1,0,2,0,131,4,2,5,302,0,0,0,0,0,0,0,1,0,1,1,0,0,0,0,0,0,0,MEDIUM
1,0,1,0,1,1,0,1,4,0,125,2,11,6,200,0,0,0,0,0,0,0,1,0,1,1,0,1,0,0,0,0,0,MEDIUM
1,1,1,1,1,1,1,1,1,0,28,1,20,2,200,0,0,0,0,0,0,0,0,0,0,0,0,1,0,0,0,0,0,SAFE
1,1,1,1,1,1,1,1,4,0,137,4,23,9,301,0,0,0,0,0,0,0,0,0,0,0,0,0,0,0,0,0,0,SAFE
1,0,1,1,1,1,1,1,3,0,68,1,0,0,302,1,0,0,0,0,0,0,0,0,0,1,0,0,0,0,0,0,1,CRITICAL
1,1,1,1,1,0,1,1,3,0,130,3,5,5,301,0,0,0,0,0,0,0,1,0,1,0,0,0,0,0,0,0,0,MEDIUM
1,1,0,1,1,1,1,1,4,0,48,0,7,9,200,0,0,0,0,0,0,0,0,0,0,0,0,0,0,0,0,0,0,LOW
1,1,1,1,1,1,1,1,2,1,46,1,13,5,301,0,0,0,0,0,0,0,0,0,0,0,0,0,0,0,0,1,1,SAFE
1,0,1,1,1,0,1,0,1,0,133,3,28,1,200,0,0,0,0,0,0,0,0,0,1,1,0,0,0,0,0,0,0,MEDIUM
1,1,1,1,0,1,1,1,3,0,129,3,8,2,302,0,0,0,0,0,0,0,0,0,0,0,0,1,1,0,0,0,1,LOW
1,1,1,1,0,1,0,1,0,0,25,4,11,10,200,0,0,0,0,0,0,0,0,0,1,0,0,0,1,0,0,0,0,MEDIUM
1,0,1,1,1,1,1,1,2,0,126,4,4,6,200,1,0,0,0,0,0,0,0,0,0,1,0,0,0,0,0,0,0,CRITICAL
0,1,0,1,1,1,1,1,2,0,117,3,13,6,200,1,0,0,0,0,1,0,0,0,0,0,0,0,0,0,0,0,1,CRITICAL
1,1,1,1,0,1,1,1,0,0,103,0,19,2,200,0,0,0,0,0,0,0,0,0,0,0,0,0,0,0,0,0,0,LOW
1,1,1,1,1,1,1,1,0,0,73,1,0,7,200,0,0,0,0,0,0,1,0,0,0,0,0,0,0,0,0,0,0,HIGH
1,1,1,1,1,1,1,1,4,0,86,2,8,2,200,1,0,0,0,0,0,0,0,0,0,0,0,0,0,0,0,0,0,CRITICAL
1,1,1,1,1,1,1,1,2,0,107,3,13,4,200,0,0,0,0,0,0,0,0,0,0,0,0,0,0,0,0,0,0,SAFE
1,1,1,1,1,1,1,1,2,1,126,4,3,3,200,0,0,0,0,0,0,0,0,0,0,0,0,0,0,0,0,1,0,SAFE
1,1,1,1,1,1,1,1,1,0,88,4,2,3,301,0,0,0,0,0,0,0,0,0,0,0,0,0,0,1,0,0,0,SAFE
1,1,1,1,1,1,1,1,2,0,141,0,17,3,200,0,0,0,1,0,0,0,0,0,0,0,0,0,1,0,0,0,0,HIGH
1,1,1,1,0,1,1,1,1,0,130,4,6,1,200,0,0,0,0,0,0,0,0,0,0,0,0,0,0,0,1,0,0,LOW
1,1,0,1,1,1,0,1,0,0,19,2,18,6,200,0,0,0,0,0,0,0,0,0,1,0,0,0,0,0,0,0,0,MEDIUM
1,1,0,1,1,1,1,1,4,0,147,0,10,3,200,0,0,0,0,0,0,0,0,0,0,0,0,0,0,0,0,0,0,LOW
0,1,0,1,1,1,1,0,2,1,73,3,15,3,200,0,0,0,0,0,0,0,0,0,1,0,0,0,0,0,0,1,1,HIGH
1,1,1,1,1,1,1,0,0,0,127,1,28,0,302,0,0,0,0,0,0,0,0,0,1,0,0,0,0,0,0,0,1,LOW
1,1,0,1,1,1,0,1,0,0,101,1,10,5,200,0,1,0,0,0,0,0,0,0,1,0,0,0,0,0,0,0,0,HIGH
1,0,0,1,0,1,1,1,0,0,103,3,25,2,200,0,0,0,0,0,0,0,0,0,0,1,0,0,0,0,0,0,0,MEDIUM
0,1,0,1,0,0,1,1,0,0,80,2,11,6,200,1,0,0,0,0,0,0,0,0,1,0,0,0,0,0,0,0,0,CRITICAL
1,1,1,1,1,1,1,1,4,1,78,1,25,1,200,0,0,0,0,0,0,0,0,0,0,0,0,0,0,0,0,1,1,SAFE
1,1,1,1,1,1,1,1,0,0,93,4,18,1,301,0,0,0,0,0,0,0,0,0,0,0,0,0,1,0,0,0,1,SAFE
1,1,1,1,1,1,1,1,2,2,69,1,19,5,301,0,0,0,0,0,0,0,0,0,0,0,0,0,0,0,0,1,0,SAFE
1,1,1,1,0,1,1,1,0,0,22,3,16,1,200,0,0,0,0,2,0,0,0,0,0,0,0,0,0,0,0,0,1,HIGH
1,1,1,0,0,1,1,1,1,1,67,1,28,2,301,0,0,0,0,0,0,0,0,0,0,0,0,0,0,0,1,1,0,MEDIUM
1,0,1,1,0,1,0,1,2,1,102,2,23,3,301,0,0,0,0,0,0,0,1,0,1,1,0,0,1,0,0,1,1,MEDIUM
1,1,1,1,0,1,1,1,0,0,144,4,22,2,302,0,0,0,0,1,0,0,0,0,0,0,0,0,0,0,0,0,0,HIGH
1,1,1,1,1,1,1,1,2,2,86,2,13,5,302,0,0,0,0,0,0,0,0,0,0,1,0,0,0,0,0,1,0,LOW
1,1,1,1,1,1,1,1,2,0,74,3,13,6,302,0,0,0,0,0,0,0,0,0,0,0,0,0,0,1,0,0,0,SAFE
1,1,1,1,1,1,1,1,1,1,34,1,10,8,200,1,0,0,0,0,1,0,0,0,0,0,0,0,0,0,0,1,1,CRITICAL
1,1,1,1,1,1,1,1,2,1,79,2,22,3,200,0,0,0,0,0,0,0,0,0,0,0,0,0,0,0,0,1,0,SAFE
0,1,0,1,1,0,1,1,3,0,23,3,16,9,200,1,0,0,0,0,1,0,0,0,1,0,0,1,0,1,0,0,1,CRITICAL
0,1,0,1,1,0,0,1,2,0,78,1,1,2,302,1,0,0,0,0,0,0,0,0,1,0,0,0,0,0,0,0,1,CRITICAL
0,1,0,0,1,0,1,1,1,0,32,3,16,10,200,0,0,0,0,0,0,0,0,0,1,0,0,0,0,0,0,0,0,HIGH
1,0,1,1,1,1,1,1,1,0,143,4,8,1,302,0,0,0,0,0,0,0,1,0,0,1,0,0,0,0,0,0,1,MEDIUM
1,1,1,1,0,1,1,1,2,0,76,3,0,9,200,0,0,0,0,0,0,0,0,0,0,0,0,0,0,0,0,0,0,LOW
0,1,0,1,1,1,1,1,4,0,133,4,11,7,200,0,0,0,0,0,0,0,0,0,0,0,0,0,0,0,0,0,0,HIGH
1,1,1,1,1,1,1,1,2,0,20,0,20,5,200,0,0,0,0,0,0,0,0,0,0,1,0,0,0,0,0,0,0,LOW
1,1,0,1,1,1,1,1,4,0,26,3,13,7,200,0,0,0,0,0,1,0,0,0,0,0,0,0,0,0,0,0,0,HIGH
0,1,0,0,1,0,1,0,2,0,43,1,8,6,200,0,0,0,0,0,0,0,0,0,1,0,0,0,0,0,0,0,0,HIGH
1,1,0,1,1,1,1,1,3,0,76,1,25,1,200,0,0,0,0,0,0,0,0,0,0,0,0,0,0,1,1,0,0,LOW
1,1,1,1,1,1,1,1,1,0,140,0,19,9,200,0,0,0,0,0,0,0,0,0,0,0,0,0,1,1,0,0,1,SAFE
0,0,0,1,1,0,1,1,2,0,127,1,10,9,200,1,0,0,0,0,0,0,0,0,1,1,0,1,0,0,0,0,0,CRITICAL
1,1,1,1,1,1,1,0,2,0,138,2,5,0,301,0,0,0,0,0,0,0,0,0,1,0,0,0,0,0,0,0,0,LOW
1,1,0,0,1,0,1,1,1,0,115,3,12,6,200,0,0,0,0,0,0,0,1,0,1,0,0,1,0,0,0,0,1,MEDIUM
1,1,1,0,1,1,1,1,4,0,108,2,12,10,302,1,0,0,0,0,0,0,0,0,0,0,0,0,0,0,0,0,0,CRITICAL
1,1,1,0,1,1,0,1,1,1,23,1,16,10,200,0,0,0,0,0,1,0,0,0,1,0,0,0,0,0,0,1,0,HIGH
1,1,0,1,1,1,1,1,2,0,106,0,0,4,200,0,0,0,0,0,0,0,0,0,0,0,0,1,0,0,0,0,1,LOW
1,1,1,1,1,1,1,0,3,0,139,3,14,5,200,0,0,0,0,0,0,0,0,0,1,0,0,0,0,0,0,0,0,LOW
1,1,1,1,0,0,1,1,4,1,49,3,8,2,200,0,0,0,0,0,0,0,0,0,1,0,0,0,0,0,0,1,0,MEDIUM
1,1,1,1,1,1,1,1,2,0,80,0,24,9,302,0,0,0,0,0,0,0,0,0,0,0,0,0,0,0,0,0,0,SAFE
1,1,0,1,1,1,1,1,1,0,134,1,10,5,301,0,0,0,0,0,0,0,0,0,0,0,0,1,0,0,0,0,0,LOW
0,1,0,0,1,0,1,1,3,0,112,4,26,3,200,0,0,0,0,0,0,0,0,0,1,0,0,0,0,0,0,0,0,HIGH
1,1,1,1,1,1,1,0,4,0,81,4,22,6,200,1,0,0,0,0,1,0,0,0,1,0,0,0,0,0,0,0,0,CRITICAL
1,1,1,1,1,1,1,1,2,0,136,3,9,9,301,0,0,0,0,0,0,0,0,0,0,0,0,0,0,0,0,0,1,SAFE
1,1,0,1,1,1,1,1,3,0,57,4,20,6,302,0,0,0,0,0,0,0,0,0,0,0,0,0,0,0,0,0,0,LOW
1,1,0,1,1,1,1,1,4,0,138,3,21,8,200,0,0,0,0,0,0,0,0,0,0,0,0,0,0,0,0,0,0,LOW
1,1,1,1,0,1,1,0,1,1,40,1,11,10,200,0,0,0,0,0,0,0,0,0,1,0,0,0,0,0,0,1,1,MEDIUM
1,1,1,1,1,1,1,1,4,0,124,4,21,4,200,0,0,0,0,0,0,0,0,0,0,0,0,0,0,0,0,0,0,SAFE
1,1,1,1,1,1,1,1,2,2,103,2,12,3,200,0,0,0,0,0,0,0,0,0,0,1,0,0,0,1,0,1,0,LOW
1,1,1,1,1,1,1,1,3,0,37,2,15,6,200,0,0,0,0,0,0,0,0,0,0,0,0,1,0,0,0,0,0,SAFE
0,1,0,1,1,0,1,1,3,0,39,2,25,3,200,0,0,0,0,0,0,0,0,0,1,0,0,0,1,0,0,0,0,HIGH
1,1,1,1,1,1,1,1,4,0,42,4,5,7,200,0,0,0,0,0,0,0,0,0,0,1,0,0,0,0,0,0,0,LOW
1,1,1,1,1,1,1,1,3,0,22,3,27,3,200,0,0,0,0,0,0,0,0,1,0,0,0,0,0,1,1,0,0,HIGH
1,1,1,0,1,1,1,1,2,0,127,1,24,4,301,1,0,0,0,0,1,0,0,0,0,0,0,0,0,1,0,0,0,CRITICAL
0,1,0,1,0,0,1,1,0,0,55,2,26,1,200,1,0,0,0,0,0,0,0,0,1,0,0,0,1,0,0,0,1,CRITICAL
1,1,1,1,1,1,1,0,0,0,49,0,26,9,200,0,0,0,0,0,0,0,0,0,1,0,0,0,0,0,0,0,0,LOW
1,1,1,1,1,1,1,1,3,2,81,0,8,3,302,0,0,0,0,0,0,0,0,0,0,0,0,1,0,0,0,1,0,SAFE
0,1,0,1,1,0,1,0,3,1,84,4,27,4,200,1,1,0,0,0,1,0,0,0,1,0,0,0,0,0,0,1,0,CRITICAL
1,1,1,1,1,1,1,0,3,0,129,4,11,9,302,0,0,0,0,0,0,0,0,0,1,0,0,0,0,0,0,0,0,LOW
1,1,0,1,1,1,1,1,1,0,150,4,16,0,200,0,0,0,0,0,0,0,0,0,0,0,0,0,0,0,0,0,0,LOW
1,1,1,1,1,1,1,1,4,0,32,3,9,1,301,0,0,0,0,0,0,0,0,0,0,0,0,0,0,0,0,0,0,SAFE
1,1,1,1,1,1,1,1,1,0,47,3,17,9,301,0,0,0,0,0,1,0,0,0,0,0,0,0,0,0,0,0,0,HIGH
0,0,0,1,1,1,1,1,1,0,75,3,2,7,301,0,0,0,0,0,0,0,0,0,0,1,0,0,0,0,0,0,1,HIGH
1,1,1,1,1,1,1,1,4,2,31,4,24,1,200,0,0,0,0,0,0,0,0,0,0,1,0,1,0,0,0,1,0,LOW
1,1,1,1,1,1,1,1,2,0,125,1,7,1,200,1,0,0,0,0,1,0,0,0,0,0,0,0,0,0,1,0,0,CRITICAL
1,1,1,1,1,1,1,1,3,0,46,4,18,6,200,0,0,0,0,0,0,0,0,0,0,0,0,0,0,1,0,0,0,SAFE
1,1,1,1,1,1,1,1,4,1,28,0,9,5,200,0,0,0,0,0,0,0,0,0,0,0,0,0,0,0,0,1,1,SAFE
1,1,1,1,1,1,1,1,4,0,32,3,6,5,302,0,0,0,0,0,0,0,0,0,0,0,0,0,0,0,0,0,1,SAFE
0,1,0,0,1,0,1,1,4,0,111,0,22,6,302,0,0,0,0,0,0,0,0,0,1,0,0,1,0,0,0,0,0,HIGH
1,1,1,1,1,1,1,1,0,0,125,3,14,4,301,0,0,0,0,0,0,0,0,0,0,0,0,0,0,0,0,0,1,SAFE
1,0,0,1,1,0,1,0,1,1,68,2,2,1,302,0,0,0,0,0,0,0,0,0,1,1,0,0,0,0,0,1,1,MEDIUM
1,1,1,1,1,0,1,0,3,0,128,4,12,7,200,0,0,0,0,0,0,0,0,0,1,0,0,0,0,1,0,0,0,MEDIUM
1,1,1,1,1,1,1,0,3,0,121,4,25,1,200,0,0,0,0,0,0,0,0,0,1,0,0,0,0,0,0,0,0,LOW
0,1,0,0,1,0,1,1,4,2,45,1,9,4,200,1,1,0,0,0,0,0,0,0,1,0,0,1,0,0,0,1,0,CRITICAL
1,1,1,1,1,1,1,1,3,1,98,2,18,10,200,0,0,0,0,0,0,0,0,0,0,0,0,1,0,0,0,1,0,SAFE
0,1,0,1,1,0,1,0,0,0,80,1,4,1,200,0,0,0,0,0,0,0,0,0,1,0,0,0,0,0,0,0,0,HIGH
0,1,0,1,1,0,1,0,1,0,34,1,26,5,302,1,0,0,0,0,0,0,0,0,1,0,0,0,0,1,0,0,0,CRITICAL
1,1,0,0,1,1,0,0,0,0,52,0,10,0,301,0,0,0,0,0,0,0,0,0,1,0,0,0,0,0,0,0,0,MEDIUM
1,0,1,1,1,0,0,1,1,0,20,1,20,3,200,0,0,0,0,0,0,0,1,0,1,1,0,0,0,0,0,0,0,MEDIUM
1,1,0,1,1,1,1,1,3,0,104,0,0,9,301,0,0,0,0,0,0,0,0,0,0,0,0,0,0,0,0,0,0,LOW
0,1,0,1,0,1,1,1,3,2,19,0,5,8,200,0,0,0,0,0,0,0,0,0,0,0,0,0,0,0,0,1,1,HIGH
1,1,1,1,0,1,1,1,1,0,42,4,11,9,200,0,0,0,0,0,0,0,0,0,0,0,0,0,0,0,0,0,0,LOW
1,1,1,1,1,1,1,1,1,0,18,2,23,6,200,0,0,0,0,0,0,0,0,0,0,0,0,0,0,0,0,0,1,SAFE
1,1,1,0,1,1,1,1,0,0,90,2,6,1,200,1,0,0,0,0,0,0,0,0,0,0,0,0,0,0,0,0,0,CRITICAL
1,1,1,1,1,1,1,1,3,0,52,3,14,1,301,0,0,0,0,0,0,0,0,0,0,0,0,1,0,0,0,0,0,SAFE
1,1,1,1,1,1,1,1,4,0,91,0,23,7,200,0,0,0,0,0,0,0,0,0,0,0,0,0,1,0,0,0,1,SAFE
1,1,1,1,1,1,1,1,0,0,124,2,18,9,200,0,0,0,0,0,0,0,0,0,0,0,0,0,0,0,0,0,1,SAFE
1,0,1,0,1,0,1,1,4,0,18,3,5,4,200,0,0,0,0,0,0,0,1,0,1,1,0,0,0,0,0,0,0,MEDIUM
1,1,1,1,1,1,1,1,1,0,80,2,10,5,301,0,0,0,0,0,0,0,0,0,0,0,0,0,0,0,1,0,0,SAFE
0,1,0,0,1,0,1,1,1,0,19,0,16,1,200,0,0,0,0,0,0,0,0,0,1,0,0,0,0,0,0,0,0,HIGH
0,1,0,0,1,0,1,1,0,0,104,2,11,9,200,1,0,0,0,0,1,0,0,0,1,0,0,0,0,0,0,0,0,CRITICAL
1,1,1,1,1,1,1,1,4,0,121,2,7,4,302,0,0,0,0,0,0,0,0,0,0,0,0,0,1,0,0,0,0,SAFE
1,1,1,1,0,0,1,1,0,0,25,0,7,10,200,0,0,0,0,0,0,0,0,0,1,0,0,0,0,0,0,0,0,MEDIUM
1,1,1,1,1,1,1,1,3,0,27,4,6,1,301,0,0,0,0,0,1,0,0,0,0,0,0,0,0,0,0,0,0,HIGH
0,1,0,1,1,1,1,0,2,1,31,1,24,2,301,1,0,0,0,0,0,0,0,0,1,0,0,0,0,0,0,1,0,CRITICAL
1,1,1,1,1,1,0,1,1,1,40,1,15,2,301,0,0,0,4,0,0,0,0,1,1,0,0,0,0,0,1,1,0,HIGH
0,1,0,1,1,0,1,1,1,1,64,1,12,10,200,1,0,0,0,0,1,0,0,0,1,0,0,0,0,0,0,1,1,CRITICAL
1,1,0,1,1,1,1,1,0,0,20,4,2,10,200,0,0,0,0,0,0,0,0,0,0,0,0,0,1,0,0,0,0,LOW
1,1,1,1,1,1,1,0,4,1,124,0,4,4,301,0,0,0,0,0,0,0,0,0,1,0,0,0,0,0,0,1,0,LOW
1,1,1,1,1,1,1,1,1,1,54,3,5,6,200,0,0,0,0,0,0,0,0,0,0,0,0,0,0,0,0,1,0,SAFE
1,1,1,1,1,1,1,1,0,0,45,3,0,3,200,0,0,0,0,0,0,0,0,0,0,0,0,0,0,0,0,0,0,SAFE
0,1,0,1,1,0,1,1,0,0,73,2,7,3,200,0,0,0,0,0,0,0,0,0,1,0,0,0,0,0,0,0,0,HIGH
1,1,1,1,0,1,1,1,3,2,118,4,0,8,302,0,0,0,4,0,0,0,0,0,0,0,0,0,0,0,1,1,1,HIGH
1,0,1,0,0,1,1,0,2,0,22,4,2,2,301,0,0,0,0,0,0,0,0,0,1,1,0,0,0,0,1,0,0,MEDIUM
1,1,1,1,1,1,1,1,3,0,83,0,11,3,200,0,0,0,0,0,0,0,0,0,0,0,0,0,0,0,0,0,1,SAFE
1,1,0,1,1,1,1,1,1,0,62,3,7,8,301,0,0,0,0,2,0,0,0,0,0,0,0,1,0,0,0,0,1,HIGH
1,1,1,1,1,1,1,0,1,0,131,3,1,0,200,0,0,0,0,0,0,0,0,0,1,0,0,0,0,0,0,0,0,LOW
1,1,1,0,1,1,1,1,4,1,126,4,12,2,200,0,0,0,0,0,0,0,0,1,0,0,0,0,0,0,1,1,1,HIGH
0,1,0,1,1,0,0,1,1,0,66,1,19,9,200,1,0,0,0,0,0,0,0,0,1,0,0,0,0,0,0,0,1,CRITICAL
1,1,1,1,1,1,0,1,1,0,56,3,9,2,200,1,0,0,0,0,0,0,0,0,1,0,0,0,0,0,0,0,0,CRITICAL
1,1,1,1,1,1,1,1,3,0,146,1,20,5,302,0,0,0,0,0,0,0,0,0,0,0,0,0,0,0,0,0,0,SAFE
1,1,1,1,1,1,1,0,0,0,62,4,13,0,200,0,0,0,0,0,0,0,0,0,1,0,0,0,0,0,0,0,1,LOW
1,1,1,1,1,1,1,1,1,0,51,1,27,4,200,0,0,0,0,0,0,0,0,0,0,0,0,1,0,1,0,0,0,SAFE
1,1,1,1,1,0,0,1,2,0,102,3,15,9,200,0,0,0,0,0,0,0,1,0,1,0,0,0,0,0,0,0,0,MEDIUM
1,1,0,1,1,1,1,1,3,0,81,1,3,10,301,0,0,0,0,0,0,0,0,0,0,0,0,0,0,0,0,0,1,LOW
1,1,1,1,1,1,1,1,4,0,147,4,0,8,301,0,0,0,0,0,0,0,0,0,0,0,0,0,0,0,0,0,0,SAFE
1,1,1,1,0,1,1,1,0,0,131,2,13,9,200,0,0,0,4,0,0,0,0,0,0,0,0,0,0,0,0,0,0,HIGH
1,1,1,0,1,1,1,1,2,0,113,3,3,7,200,1,0,0,0,0,0,0,0,0,0,0,0,0,0,1,0,0,0,CRITICAL
1,1,0,1,1,1,1,1,0,0,65,3,10,8,200,0,0,0,0,0,0,0,0,0,0,0,0,0,1,0,0,0,0,LOW
1,1,1,0,1,1,0,1,1,0,125,0,2,4,500,0,0,1,0,0,0,0,0,0,1,0,0,0,0,1,1,0,1,HIGH
1,1,1,1,1,1,1,0,0,0,50,0,16,8,302,0,0,0,0,0,0,0,0,0,1,0,0,0,0,0,0,0,0,LOW
1,1,1,1,1,1,1,1,3,0,124,3,28,2,301,0,0,0,0,0,0,0,0,0,0,0,0,0,0,0,1,0,0,SAFE
1,1,1,1,1,1,1,1,1,0,38,3,27,7,301,0,0,0,0,0,0,0,0,0,0,1,0,0,0,1,0,0,0,LOW
0,1,0,1,1,1,0,1,3,0,62,4,20,8,301,1,0,0,0,0,1,0,0,0,1,0,0,0,0,0,0,0,0,CRITICAL
1,1,1,1,0,1,1,1,1,0,97,0,16,9,301,0,0,0,0,0,0,0,0,0,0,0,0,0,0,0,0,0,0,LOW
1,1,1,1,1,1,1,1,2,0,39,4,25,1,200,0,0,0,0,0,0,0,0,0,0,1,0,0,0,0,0,0,0,LOW
1,1,0,1,1,1,1,1,1,0,110,0,27,10,200,0,0,0,0,0,0,0,1,0,0,0,0,0,0,1,0,0,0,MEDIUM
1,1,1,1,1,1,1,1,4,0,81,3,23,8,302,0,0,0,0,0,0,0,0,0,0,0,0,0,0,0,0,0,0,SAFE
1,1,1,1,0,1,1,1,3,0,37,2,27,5,302,1,0,0,0,0,0,0,0,0,0,0,0,0,0,0,0,0,1,CRITICAL
0,0,0,1,1,0,1,1,2,0,30,1,28,6,200,1,0,0,0,0,0,0,0,0,1,1,0,0,0,0,1,0,1,CRITICAL
0,1,0,0,1,1,1,1,1,0,146,4,11,0,200,1,0,0,0,0,0,0,0,0,0,0,0,0,0,0,0,0,1,CRITICAL
1,1,1,0,1,0,1,1,1,0,150,2,24,7,200,0,0,0,0,3,0,0,0,0,1,0,0,0,0,0,0,0,0,HIGH
1,1,0,1,1,1,0,0,0,0,74,3,24,10,301,0,0,0,0,0,0,0,0,0,1,0,0,0,0,0,0,0,0,MEDIUM
1,1,1,1,1,1,1,0,0,0,127,3,20,1,302,1,0,0,0,0,1,0,0,0,1,0,0,0,0,0,0,0,0,CRITICAL
1,1,1,1,1,1,1,1,0,0,130,3,23,6,200,0,1,0,0,0,0,0,0,0,0,0,0,0,0,0,0,0,0,HIGH
1,1,1,0,1,1,1,0,4,0,29,0,17,0,200,0,0,0,0,0,0,1,0,0,1,0,0,1,0,0,0,0,0,HIGH
1,1,1,1,1,1,1,1,4,0,35,1,1,5,200,0,0,0,0,0,0,0,0,0,0,0,0,0,0,0,0,0,0,SAFE
1,1,1,1,1,1,1,0,3,0,138,2,12,3,200,0,0,0,0,0,0,0,0,0,1,0,0,0,0,0,0,0,1,LOW
1,1,1,0,0,0,1,0,0,0,46,2,22,7,200,0,0,0,0,0,0,0,0,0,1,0,0,0,0,0,0,0,0,MEDIUM
1,1,1,1,1,1,1,1,0,0,63,2,5,9,200,0,0,0,0,0,0,0,0,0,0,0,0,0,0,0,0,0,0,SAFE
1,1,1,1,1,1,1,1,1,1,70,1,25,6,200,0,0,0,0,0,0,0,0,0,0,1,0,1,0,0,0,1,0,LOW
1,1,1,1,1,1,1,1,2,0,117,4,13,0,302,0,0,0,0,0,0,0,0,0,0,1,0,0,0,0,0,0,1,LOW
1,1,1,1,1,1,1,0,0,0,145,3,15,0,200,0,0,0,0,0,0,0,0,0,1,0,0,0,0,0,0,0,1,LOW
0,1,0,1,1,0,1,1,0,0,90,1,19,4,200,1,0,0,0,0,0,0,0,0,1,0,0,0,0,0,0,0,0,CRITICAL
1,1,1,0,1,1,1,1,1,0,51,3,13,9,301,0,0,0,0,0,0,0,1,0,0,0,0,0,0,0,0,0,0,MEDIUM
1,1,1,1,1,1,1,1,2,0,28,0,27,2,200,0,0,0,0,0,0,1,0,0,0,0,0,0,0,0,0,0,0,HIGH
1,1,1,1,1,1,1,1,4,0,70,4,5,6,200,0,0,0,0,0,0,0,0,0,0,0,0,0,1,0,0,0,1,SAFE
1,1,1,1,1,1,1,1,4,0,59,4,15,10,200,1,1,0,0,0,0,0,0,0,0,0,0,0,0,0,0,0,0,CRITICAL
0,1,0,1,1,0,0,1,2,2,123,0,20,4,301,0,0,0,0,0,0,0,0,0,1,0,0,0,0,1,0,1,0,HIGH
1,0,1,1,1,1,1,1,0,0,57,1,13,8,200,1,0,0,0,0,1,0,0,0,0,1,0,0,0,0,0,0,0,CRITICAL
1,1,1,1,1,1,1,1,3,0,24,1,0,1,200,1,1,0,0,0,0,0,0,0,0,0,0,0,0,0,0,0,0,CRITICAL
1,1,1,1,1,1,1,1,0,0,18,2,10,10,200,1,0,0,0,0,1,0,0,0,0,0,0,0,0,0,0,0,0,CRITICAL
1,1,1,1,1,1,1,1,2,0,86,2,12,2,200,0,0,0,0,0,0,0,0,0,0,0,0,0,1,0,0,0,1,SAFE
1,1,1,1,1,1,1,1,2,0,116,0,18,5,200,0,0,0,0,0,0,0,0,0,0,0,0,0,1,0,0,0,0,SAFE
0,1,0,1,1,0,1,1,4,0,148,4,19,8,301,0,0,0,0,0,0,0,0,0,1,0,0,0,0,0,0,0,0,HIGH
1,1,1,1,1,1,1,1,1,0,136,4,15,9,200,0,0,0,0,0,0,0,0,1,0,0,0,0,0,0,1,0,1,HIGH
1,1,0,1,1,1,1,1,1,0,80,1,3,4,301,0,0,0,0,0,0,0,0,0,0,0,0,0,0,0,0,0,0,LOW
1,1,1,1,1,1,1,1,4,0,55,3,0,6,200,0,0,0,0,0,0,0,0,0,0,0,0,0,0,0,0,0,1,SAFE
1,0,1,1,1,1,0,1,2,0,28,1,27,8,301,0,0,0,0,0,0,0,1,0,1,1,0,0,0,0,0,0,0,MEDIUM
1,1,1,1,0,1,1,1,1,0,26,1,9,6,200,0,0,0,0,0,0,0,0,0,0,0,0,0,0,0,0,0,0,LOW
1,1,0,1,0,0,1,1,4,0,146,0,3,1,200,0,0,0,0,0,0,0,0,0,1,0,0,0,1,0,0,0,1,MEDIUM
1,1,1,0,1,1,1,0,3,0,65,1,7,4,200,0,0,0,0,0,0,0,0,0,1,0,0,0,0,0,0,0,0,MEDIUM
0,1,0,1,1,0,1,0,1,1,105,1,27,0,200,1,0,0,0,0,0,0,0,0,1,0,0,0,0,0,0,1,1,CRITICAL
1,1,0,1,1,0,0,1,4,0,45,1,3,9,200,0,0,0,0,0,0,0,1,0,1,0,0,0,0,0,0,0,0,MEDIUM
1,1,1,0,0,1,1,1,3,2,25,4,9,3,200,0,0,0,0,0,0,0,1,0,0,0,0,0,0,0,0,1,0,MEDIUM
1,1,1,1,1,1,1,1,2,0,30,2,1,3,200,0,0,0,0,0,0,0,0,0,0,0,0,0,1,0,0,0,0,SAFE
1,1,1,1,1,1,0,0,3,0,21,1,8,10,200,0,0,0,0,0,0,0,1,0,1,0,0,0,0,1,0,0,1,MEDIUM
1,1,0,1,1,1,1,1,0,0,75,2,15,4,200,0,0,0,0,0,0,0,0,0,0,0,0,0,0,0,0,0,0,LOW
1,1,1,1,1,1,1,0,1,0,113,1,28,5,200,0,0,0,0,0,0,0,0,0,1,0,0,0,0,0,0,0,0,LOW
1,1,1,1,1,1,1,1,3,0,63,1,9,6,200,0,1,0,0,0,0,0,0,0,0,0,0,0,1,1,0,0,0,HIGH
1,1,1,1,1,1,1,1,1,1,135,4,23,3,301,0,1,0,0,0,0,0,0,0,0,0,0,0,0,0,0,1,1,HIGH
1,1,1,1,1,1,1,1,1,0,25,4,7,8,200,1,0,0,0,0,0,0,0,0,0,0,0,0,0,0,0,0,0,CRITICAL
1,1,1,0,1,0,0,0,1,0,24,3,8,7,200,0,0,0,0,0,0,0,0,0,1,0,0,0,0,0,0,0,0,MEDIUM
0,1,0,1,1,1,0,1,4,0,106,2,25,1,200,0,0,0,0,0,0,0,0,0,1,0,0,0,0,1,0,0,0,HIGH
1,0,1,1,1,1,0,1,4,0,60,2,27,1,200,0,0,0,0,0,0,0,0,0,1,1,0,0,0,0,1,0,0,MEDIUM
0,1,0,1,1,0,1,1,4,2,130,4,27,0,200,0,0,0,0,0,0,0,0,0,1,0,0,0,0,0,0,1,0,HIGH
0,1,0,1,1,0,0,1,3,0,105,1,8,3,200,1,1,0,0,0,1,0,0,0,1,0,0,0,0,0,0,0,0,CRITICAL
1,1,1,1,0,1,1,1,2,2,137,1,17,5,302,0,0,0,0,0,0,0,0,0,0,0,0,1,0,0,0,1,1,LOW
1,1,1,1,1,1,1,1,4,0,66,2,1,3,301,0,0,0,0,0,0,0,0,0,0,0,0,0,0,0,0,0,0,SAFE
1,1,0,1,1,1,0,1,4,0,144,3,26,10,302,0,0,0,2,0,0,0,0,0,1,0,0,0,0,0,0,0,0,HIGH
1,1,1,1,1,1,1,1,0,0,85,4,1,10,200,1,0,0,0,0,0,0,0,0,0,0,0,0,1,0,0,0,0,CRITICAL
1,1,0,1,1,1,1,1,0,0,105,1,21,0,200,0,1,0,0,0,0,0,0,0,0,0,0,0,0,0,0,0,0,HIGH
1,1,1,1,1,1,1,0,2,0,81,2,11,3,200,0,0,0,0,0,0,0,0,0,1,0,0,0,0,1,0,0,0,LOW
1,1,1,1,1,1,0,1,2,0,95,2,17,8,200,1,1,0,0,0,0,0,0,0,1,0,0,0,0,0,0,0,1,CRITICAL
1,0,1,1,1,1,1,1,2,0,48,1,6,8,302,0,0,0,5,0,0,0,0,0,0,1,0,0,0,0,0,0,0,HIGH
0,1,0,0,1,1,1,0,0,0,93,0,5,6,200,0,0,0,0,0,0,0,0,0,1,0,0,0,0,0,0,0,0,HIGH
1,1,1,0,1,1,0,0,2,0,51,1,4,5,301,0,0,0,0,0,0,0,0,0,1,0,0,0,0,0,0,0,1,MEDIUM
1,1,1,1,0,0,1,0,1,0,40,4,21,9,200,0,0,0,0,0,0,0,0,0,1,0,0,0,0,0,0,0,0,MEDIUM
1,1,1,1,1,1,1,1,4,0,133,1,23,4,200,1,1,0,0,0,1,0,0,0,0,0,0,1,0,0,0,0,0,CRITICAL
1,1,1,1,1,1,1,1,3,0,142,2,27,5,302,0,0,0,0,2,0,0,0,0,0,0,0,0,1,0,0,0,0,HIGH
1,1,1,1,1,1,1,0,0,0,81,3,20,7,200,0,0,0,0,0,0,0,0,0,1,0,0,0,0,0,0,0,0,LOW
1,1,1,1,1,1,1,1,0,0,39,3,6,3,301,0,0,0,0,0,0,0,0,0,0,1,0,0,0,0,0,0,0,LOW
1,0,1,1,0,0,0,1,2,0,58,4,24,2,200,0,0,0,0,0,0,0,0,0,1,1,0,0,0,0,0,0,0,MEDIUM
1,1,1,1,1,1,1,1,4,2,26,2,13,9,301,0,0,0,0,0,0,0,0,0,0,0,0,0,0,0,0,1,0,SAFE
0,1,0,1,1,0,1,1,2,0,57,1,23,3,302,1,1,0,0,0,0,0,0,0,1,0,0,0,0,0,0,0,0,CRITICAL
1,1,1,1,1,1,1,0,3,0,64,1,19,3,301,0,0,0,0,0,0,0,0,0,1,0,0,0,0,1,0,0,0,LOW
1,1,0,1,1,1,1,1,4,0,53,0,18,7,200,0,0,0,0,0,0,0,0,0,0,0,0,0,0,0,0,0,0,LOW
1,1,0,0,0,1,1,1,2,0,50,4,24,10,200,0,0,0,0,0,0,0,0,0,0,0,0,0,0,0,0,0,0,MEDIUM
1,0,1,1,1,1,1,1,3,0,112,2,8,2,200,1,0,0,0,0,1,0,0,0,0,1,0,0,0,0,0,0,0,CRITICAL
1,1,1,1,1,1,1,1,4,0,58,3,0,9,301,0,0,0,0,0,0,0,0,0,0,0,0,0,0,0,0,0,0,SAFE
1,1,1,1,0,1,1,1,3,0,148,1,9,6,200,0,0,0,0,0,0,0,0,0,0,0,0,0,0,1,1,0,0,LOW
0,1,0,1,1,0,1,1,4,0,108,1,20,1,200,1,1,0,0,0,0,0,0,0,1,0,0,0,0,0,1,0,0,CRITICAL
0,1,0,1,1,0,0,1,1,1,18,4,17,7,302,1,1,0,0,0,0,0,0,0,1,0,0,0,0,0,0,1,1,CRITICAL
1,1,1,1,1,1,1,1,2,0,92,4,15,3,302,0,0,0,0,0,0,1,0,0,0,0,0,0,1,0,0,0,0,HIGH
1,1,1,1,1,1,1,1,3,0,39,3,2,2,200,0,0,0,0,0,0,0,0,0,0,0,0,0,0,0,0,0,1,SAFE
1,1,1,1,1,1,1,1,4,0,37,0,23,6,302,0,0,0,0,0,0,0,0,0,0,1,0,0,0,0,0,0,0,LOW
1,0,0,1,1,1,1,1,3,0,81,2,9,1,200,0,0,0,0,0,0,0,0,0,0,1,0,0,0,0,1,0,1,MEDIUM
1,1,1,1,1,1,1,1,2,0,63,3,27,5,200,0,0,0,0,0,0,0,0,0,0,0,0,0,0,0,0,0,0,SAFE
0,0,0,1,1,0,1,1,2,0,53,2,2,8,200,0,0,0,0,0,0,0,0,1,1,1,0,0,0,0,1,0,1,HIGH
1,0,1,1,1,1,1,1,1,0,85,0,3,9,500,0,0,1,0,0,0,0,0,0,0,1,0,1,0,0,0,0,0,HIGH
1,1,1,1,1,1,1,1,3,0,128,0,27,0,200,0,0,0,0,0,0,0,0,0,0,0,0,0,1,0,0,0,1,SAFE
0,1,0,1,1,1,1,0,1,0,123,1,9,0,200,1,0,0,0,0,0,0,0,0,1,0,0,0,0,1,0,0,1,CRITICAL
1,1,1,1,1,1,0,1,1,0,119,3,8,8,200,0,0,0,0,0,0,1,0,0,1,0,0,0,0,1,0,0,1,HIGH
1,1,1,1,1,1,1,1,0,0,99,0,25,9,302,0,0,0,0,0,0,0,0,0,0,0,0,0,0,0,0,0,0,SAFE
1,1,1,1,1,1,1,1,3,0,143,4,24,2,302,1,1,0,0,0,0,0,0,0,0,0,0,0,0,0,0,0,0,CRITICAL
1,1,0,1,1,1,1,1,0,0,75,3,7,7,200,0,0,0,0,0,0,0,0,0,0,0,0,0,0,0,0,0,0,LOW
1,1,1,1,0,1,1,1,3,0,102,4,25,7,200,0,0,0,0,1,0,0,0,0,0,0,0,0,1,0,0,0,1,HIGH
1,1,1,1,1,1,1,1,0,0,35,3,14,5,200,0,0,0,0,0,0,0,0,0,0,0,0,0,0,0,0,0,0,SAFE
0,1,0,1,1,0,1,1,4,0,49,2,0,9,200,0,0,0,0,0,0,0,0,0,1,0,0,0,1,0,0,0,0,HIGH
1,1,1,1,1,1,1,0,4,0,112,4,23,1,200,0,0,0,0,0,0,0,0,0,1,0,0,0,0,0,0,0,0,LOW
1,0,1,0,1,1,0,1,4,1,111,4,18,10,200,0,0,0,0,0,0,0,0,0,1,1,0,1,0,1,0,1,0,MEDIUM
0,1,0,1,1,1,1,0,0,0,95,1,26,0,302,1,0,0,0,0,0,0,0,0,1,0,0,0,0,0,0,0,0,CRITICAL
1,1,1,1,1,1,1,1,2,0,125,2,11,3,200,0,0,0,0,0,0,0,0,0,0,0,0,0,1,0,0,0,1,SAFE
0,1,0,1,1,0,1,0,4,0,44,1,20,4,200,0,0,0,0,0,0,0,0,0,1,0,0,0,0,0,0,0,0,HIGH
1,1,0,1,1,1,1,1,0,0,121,4,5,1,200,0,0,0,0,0,0,0,0,0,0,0,0,0,0,0,0,0,0,LOW
0,1,0,1,1,0,1,1,3,0,130,1,8,9,500,0,0,1,0,0,0,0,0,0,1,0,0,0,1,0,0,0,0,HIGH
1,1,1,1,1,1,1,1,2,0,82,2,4,8,200,1,0,0,0,0,0,0,0,0,0,0,0,0,0,0,0,0,0,CRITICAL
1,0,1,1,1,1,1,1,2,0,49,2,14,3,200,1,0,0,0,0,1,0,0,0,0,1,0,0,0,0,1,0,0,CRITICAL
1,1,1,1,1,1,1,1,0,0,107,1,4,9,301,1,0,0,0,0,1,0,0,0,0,0,0,0,0,0,0,0,1,CRITICAL
1,1,1,1,1,1,1,0,1,0,66,4,14,9,200,0,0,0,0,0,0,0,0,0,1,0,0,0,0,0,0,0,0,LOW
1,1,0,1,1,1,1,1,0,0,145,1,26,8,302,0,0,0,0,0,0,0,0,0,0,0,0,0,0,0,0,0,0,LOW
1,1,1,1,1,1,1,1,3,0,131,4,17,1,200,0,0,0,0,0,0,1,0,0,0,0,0,0,0,0,0,0,0,HIGH
1,1,1,1,0,1,1,1,2,0,144,0,0,1,200,0,0,0,0,0,0,0,0,0,0,0,0,1,0,0,0,0,0,LOW
1,1,1,1,1,1,0,1,4,0,59,1,5,8,200,1,1,0,0,0,0,0,0,0,1,0,0,0,0,0,0,0,0,CRITICAL
1,1,1,0,1,0,1,1,1,0,30,4,3,9,200,0,0,0,0,0,0,0,1,0,1,0,0,0,0,0,0,0,0,MEDIUM
1,1,1,1,1,1,1,1,4,0,80,1,27,5,302,1,0,0,0,0,1,0,0,0,0,0,0,0,0,0,1,0,1,CRITICAL
1,1,1,1,1,1,1,1,0,0,104,4,5,8,200,0,0,0,0,0,0,0,0,0,0,0,0,0,0,0,0,0,0,SAFE
1,1,1,0,1,1,1,1,3,0,103,0,0,1,200,0,0,0,0,0,0,0,0,1,0,0,0,0,0,1,1,0,0,HIGH
1,0,1,1,0,1,1,1,1,0,139,1,17,6,200,0,0,0,0,0,0,0,0,0,0,1,0,0,0,0,0,0,1,MEDIUM
1,1,1,1,1,1,1,1,1,0,28,3,22,4,200,0,0,0,0,0,0,0,0,0,0,1,0,0,0,0,1,0,0,LOW
1,1,0,1,1,1,1,1,1,0,124,0,15,10,200,0,0,0,0,0,0,0,0,0,0,0,0,0,0,0,1,0,0,LOW
0,1,0,0,1,1,1,1,2,0,147,3,22,1,200,0,0,0,0,0,0,0,0,0,0,0,0,0,0,0,0,0,1,HIGH
1,1,1,1,1,1,1,1,3,0,29,2,13,8,302,0,0,0,0,0,0,0,0,0,0,1,0,0,0,0,0,0,0,LOW
1,1,1,1,0,1,1,1,1,0,76,2,16,3,200,0,0,0,0,0,0,0,0,0,0,0,0,0,0,0,0,0,0,LOW
1,1,1,1,1,1,1,1,2,0,92,1,4,1,200,1,1,0,0,0,1,0,0,0,0,0,0,0,0,1,0,0,1,CRITICAL
0,1,0,1,1,1,1,1,3,0,147,3,15,3,302,0,0,0,0,0,0,0,0,0,0,0,0,0,0,0,0,0,0,HIGH
1,0,0,1,0,1,1,1,3,0,85,4,8,8,200,0,0,0,0,0,0,0,1,0,0,1,0,0,0,0,0,0,0,MEDIUM
1,1,0,1,1,1,1,1,2,0,112,0,4,8,200,0,0,0,0,0,0,0,0,0,0,0,0,1,0,0,0,0,1,LOW
1,1,1,0,1,0,0,0,0,0,88,3,27,4,200,0,0,0,0,0,0,0,0,0,1,0,0,0,0,0,0,0,0,MEDIUM
0,1,0,1,1,0,1,1,2,0,51,2,1,8,200,1,0,0,0,0,0,0,0,0,1,0,0,1,1,0,0,0,0,CRITICAL
1,1,1,1,1,1,1,0,4,0,88,4,18,3,301,0,0,0,0,0,0,0,0,0,1,0,0,0,0,0,0,0,0,LOW
1,1,0,1,0,1,0,0,1,1,85,1,16,5,301,0,0,0,0,0,0,0,0,0,1,0,0,0,0,1,1,1,0,MEDIUM
1,1,1,1,1,1,1,1,1,0,52,2,18,2,200,0,0,0,5,0,0,1,0,0,0,0,0,0,0,0,1,0,0,HIGH
1,1,1,1,1,1,1,0,3,2,63,4,15,8,200,1,0,0,0,0,1,0,0,0,1,0,0,0,0,0,0,1,0,CRITICAL
1,1,0,1,1,1,0,0,3,0,62,0,2,5,200,0,0,0,0,0,0,0,1,0,1,0,0,0,0,0,1,0,0,MEDIUM
1,1,1,1,1,1,1,1,0,0,95,1,18,1,200,0,0,0,0,0,0,0,0,0,0,1,0,0,0,0,0,0,0,LOW
0,0,0,1,1,1,1,0,2,0,81,1,0,7,200,0,0,0,0,0,0,0,0,0,1,1,0,0,0,1,1,0,0,HIGH
0,0,0,1,1,0,1,1,0,0,47,1,21,5,302,1,0,0,0,0,1,0,0,0,1,1,0,0,0,0,0,0,1,CRITICAL
1,1,1,1,1,1,0,1,4,0,78,4,25,3,200,1,0,0,0,0,1,0,0,0,1,0,0,1,0,0,0,0,0,CRITICAL
1,1,1,1,0,1,1,1,2,0,51,2,4,2,200,1,0,0,0,0,1,0,0,0,0,0,0,0,0,1,0,0,0,CRITICAL
1,0,1,1,1,1,0,1,0,0,89,3,25,0,200,0,0,0,0,0,0,1,0,0,1,1,0,0,0,0,0,0,0,HIGH
1,1,1,1,1,1,1,0,1,0,75,3,9,0,302,0,0,0,1,0,0,0,0,1,1,0,0,0,1,0,1,0,0,HIGH
1,1,0,1,1,1,1,1,3,0,84,0,26,9,200,0,0,0,0,0,0,0,0,0,0,0,0,0,0,0,0,0,0,LOW
1,0,1,1,1,1,1,1,1,1,95,4,18,3,302,0,0,0,0,0,0,0,1,0,0,1,0,0,1,0,0,1,1,MEDIUM
1,1,1,1,1,1,1,1,0,0,26,3,20,10,200,0,0,0,0,0,0,0,0,0,0,0,0,0,0,0,0,0,0,SAFE
0,1,0,1,1,0,1,0,0,0,145,1,8,7,302,1,0,0,0,0,1,0,0,0,1,0,0,0,0,0,0,0,0,CRITICAL
1,1,0,1,1,1,1,1,0,0,84,2,21,2,200,0,0,0,0,0,0,0,0,0,0,0,0,0,0,0,0,0,0,LOW
1,1,1,1,1,1,1,0,0,0,133,4,24,0,200,0,0,0,0,0,0,0,0,0,1,0,0,0,0,0,0,0,0,LOW
1,1,1,1,1,1,1,1,0,0,46,2,19,5,200,0,0,0,0,0,0,0,0,0,0,1,0,0,0,0,0,0,1,LOW
1,1,1,1,1,1,1,1,0,0,84,2,21,1,200,1,1,0,0,0,1,0,0,0,0,0,0,0,0,0,0,0,0,CRITICAL
1,1,1,1,1,1,1,1,3,0,147,1,27,6,200,1,0,0,0,0,1,0,0,0,0,0,0,0,0,0,0,0,1,CRITICAL
1,1,1,1,1,1,1,1,1,0,24,2,22,2,301,0,0,0,0,0,0,0,0,0,0,0,0,0,1,0,1,0,0,SAFE
1,1,1,1,1,1,1,0,0,0,30,0,28,7,200,0,0,0,0,0,0,0,0,0,1,0,0,0,0,0,0,0,1,LOW
1,0,1,0,1,1,0,1,3,0,26,4,11,9,200,0,0,0,0,0,0,0,1,0,1,1,0,0,0,0,0,0,0,MEDIUM
1,1,1,1,1,1,1,0,3,1,72,0,25,7,200,0,0,0,0,0,0,0,0,0,1,0,0,0,0,0,0,1,0,LOW
0,1,0,1,1,1,1,1,1,0,51,2,24,2,302,0,0,0,0,0,0,0,0,0,0,0,0,0,0,0,0,0,0,HIGH
1,1,1,1,1,1,1,1,1,1,28,1,14,3,301,0,0,0,0,0,0,0,0,0,0,0,0,0,0,0,0,1,0,SAFE
1,1,0,1,0,1,0,1,4,0,144,4,11,3,200,0,0,0,0,0,0,0,1,0,1,0,0,0,0,1,0,0,1,MEDIUM
1,0,1,0,1,1,1,0,4,0,93,0,26,8,200,0,0,0,0,0,0,0,0,0,1,1,0,0,1,0,0,0,0,MEDIUM
1,1,1,1,1,1,1,1,0,0,51,1,5,7,200,1,0,0,0,0,0,0,0,0,0,0,0,0,0,0,0,0,0,CRITICAL
1,1,1,1,1,1,1,1,2,2,99,2,13,6,200,0,0,0,0,0,0,0,0,0,0,0,0,1,1,0,0,1,0,SAFE
1,1,1,1,1,1,1,0,4,0,91,0,26,6,302,0,0,0,0,0,0,0,0,0,1,0,0,0,0,0,0,0,0,LOW
0,0,0,1,1,0,1,1,4,1,136,2,23,7,200,0,0,0,0,0,0,0,0,0,1,1,0,0,0,0,0,1,0,HIGH
1,1,0,1,1,1,1,1,0,0,141,0,15,6,200,0,0,0,0,0,0,0,0,0,0,0,0,0,0,0,0,0,1,LOW
1,0,1,1,0,1,0,1,3,0,127,0,13,4,200,0,0,0,0,0,0,0,0,0,1,1,0,0,0,0,0,0,0,MEDIUM
1,1,0,1,1,1,1,1,4,1,137,0,2,2,200,0,0,0,0,0,0,0,0,0,0,0,0,0,0,0,0,1,0,LOW
1,1,0,1,1,0,1,1,0,0,25,2,20,0,200,0,0,0,0,0,0,0,0,0,1,0,0,0,0,0,0,0,0,MEDIUM
0,1,0,1,1,1,1,1,3,0,79,1,2,6,200,1,0,0,0,0,0,0,0,0,0,0,0,0,0,0,0,0,0,CRITICAL
0,1,0,1,0,0,1,1,0,0,102,4,5,8,301,0,0,0,0,3,0,0,0,0,1,0,0,0,0,0,0,0,0,HIGH
0,0,0,1,1,0,1,1,4,0,124,4,4,0,200,0,0,0,0,0,0,0,0,0,1,1,0,1,0,0,0,0,0,HIGH
1,1,1,1,1,1,1,1,3,0,135,3,2,8,301,1,0,0,0,0,0,0,0,0,0,0,0,0,0,0,0,0,0,CRITICAL
1,1,1,1,0,1,0,1,1,0,99,4,13,3,302,0,0,0,0,0,0,0,0,0,1,0,0,0,0,0,0,0,0,MEDIUM
1,1,1,1,1,1,1,1,3,0,63,1,11,3,200,0,0,0,0,0,0,0,0,0,0,1,0,0,0,0,0,0,0,LOW
1,1,1,1,1,1,1,1,2,2,89,2,2,2,301,0,0,0,0,0,0,0,0,0,0,0,0,0,0,0,0,1,0,SAFE
1,1,1,1,1,1,1,0,2,2,117,0,8,10,200,0,0,0,0,0,0,0,0,0,1,0,0,0,0,0,0,1,0,LOW
1,1,1,0,1,1,1,0,4,0,50,3,10,6,200,0,0,0,0,0,0,0,1,0,1,0,0,0,0,1,1,0,0,MEDIUM
1,1,1,1,0,1,1,1,3,0,142,4,5,3,200,0,0,0,0,0,0,0,0,0,0,0,0,0,0,0,0,0,0,LOW
1,1,1,1,1,1,1,1,2,0,19,1,11,4,200,0,0,0,0,0,0,0,0,0,0,0,0,0,0,0,0,0,0,SAFE
1,1,1,0,1,0,1,1,2,0,86,3,28,1,200,0,0,0,0,0,0,0,0,0,1,0,0,0,0,0,0,0,0,MEDIUM
1,1,1,1,1,1,1,1,3,0,143,3,23,9,200,0,0,0,0,0,0,0,0,0,0,0,0,0,0,0,0,0,0,SAFE
1,1,0,1,1,1,1,1,4,1,40,4,22,7,200,0,0,0,0,0,0,0,0,0,0,0,0,0,0,0,0,1,1,LOW
1,1,1,1,0,0,1,1,1,0,59,1,27,4,200,0,0,0,0,0,0,1,0,0,1,0,0,0,0,0,1,0,0,HIGH
1,1,1,0,0,1,0,0,4,1,102,4,0,6,200,0,0,0,0,0,0,0,0,0,1,0,0,0,0,0,1,1,1,MEDIUM
0,1,0,1,1,0,1,0,3,1,70,2,6,5,301,0,0,0,0,0,0,0,0,0,1,0,0,0,0,0,1,1,1,HIGH
1,1,1,1,1,1,1,1,3,0,50,1,19,2,200,0,0,0,0,0,0,0,0,0,0,0,0,0,0,0,0,0,0,SAFE
1,1,1,0,1,1,1,1,3,0,66,3,23,0,200,0,0,0,0,0,0,1,0,0,0,0,0,0,0,0,0,0,0,HIGH
1,1,1,1,1,1,1,1,3,0,145,0,25,0,200,0,0,0,0,0,0,0,0,0,0,1,0,0,0,0,0,0,0,LOW
1,1,1,0,0,1,1,1,0,0,119,0,15,5,200,0,0,0,0,0,0,0,0,0,0,0,0,0,0,0,0,0,0,MEDIUM
1,1,1,1,0,1,1,1,2,0,115,4,7,6,500,0,0,1,0,0,0,0,0,0,0,0,0,0,0,1,0,0,0,HIGH
1,1,1,1,1,1,1,1,3,0,119,1,20,9,200,0,0,0,0,0,0,0,0,0,0,0,0,0,0,0,0,0,1,SAFE
1,0,1,1,1,0,1,1,1,0,57,0,6,3,200,0,0,0,0,0,0,0,0,0,1,1,0,0,0,0,1,0,0,MEDIUM
1,1,1,1,1,1,1,1,1,0,60,1,1,7,200,0,0,0,0,0,0,0,0,0,0,1,0,0,0,0,0,0,0,LOW
0,1,0,1,0,0,1,1,0,0,107,1,7,0,200,1,0,0,0,0,0,0,0,0,1,0,0,0,0,0,0,0,0,CRITICAL
1,1,1,1,1,1,1,1,2,0,36,2,14,4,302,0,0,0,0,0,0,0,0,0,0,1,0,0,0,0,0,0,0,LOW
1,1,1,1,1,1,1,1,4,2,23,3,22,3,301,0,0,0,0,0,0,0,0,0,0,0,0,0,0,0,0,1,0,SAFE
1,1,1,0,1,1,1,0,2,0,65,1,28,10,301,0,0,0,0,0,1,0,0,0,1,0,0,0,0,0,0,0,1,HIGH
0,1,0,0,1,0,1,1,1,0,25,4,2,4,200,0,0,0,0,0,0,0,0,0,1,0,0,0,0,0,0,0,0,HIGH
1,1,1,1,1,0,0,1,2,0,73,0,15,7,200,0,0,0,0,0,0,0,0,0,1,0,0,0,0,1,0,0,0,MEDIUM
1,0,1,1,1,1,1,1,0,0,26,2,17,2,200,0,0,0,0,0,1,0,0,0,0,1,0,0,0,0,0,0,1,HIGH
1,0,0,1,0,0,1,1,2,0,96,2,18,7,301,0,0,0,0,0,0,0,0,0,1,1,0,0,0,0,0,0,0,MEDIUM
1,1,0,0,0,0,1,1,0,0,37,1,12,6,200,0,0,0,0,0,0,0,0,0,1,0,0,0,0,0,0,0,0,MEDIUM
0,1,0,1,0,0,1,1,1,0,27,1,5,1,301,0,0,0,0,1,0,0,0,0,1,0,0,0,0,0,1,0,0,HIGH
1,1,1,1,1,1,1,1,3,0,38,0,19,2,301,0,0,0,0,0,0,0,0,0,0,1,0,0,0,0,0,0,0,LOW
1,0,0,0,0,1,1,1,2,0,63,0,25,6,302,0,0,0,0,0,0,0,0,0,0,1,0,0,0,0,0,0,0,MEDIUM
1,1,1,1,1,1,1,1,0,0,69,2,4,5,200,0,0,0,0,0,0,0,0,0,0,0,0,0,0,0,0,0,0,SAFE
1,1,1,0,1,1,1,1,3,0,118,1,18,10,301,1,0,0,0,0,0,0,0,0,0,0,0,0,0,0,0,0,0,CRITICAL
1,1,1,0,1,1,1,1,3,0,86,3,17,7,200,0,0,0,0,0,0,0,1,0,0,0,0,0,0,0,0,0,0,MEDIUM
1,1,1,1,1,1,1,1,2,0,34,0,4,3,200,0,0,0,0,0,0,0,0,0,0,1,0,0,0,0,0,0,1,LOW
1,1,0,1,1,1,1,1,2,0,70,2,20,8,200,0,1,0,0,0,0,0,0,0,0,0,0,1,0,0,0,0,1,HIGH
1,1,1,1,1,0,0,1,4,0,139,2,2,3,301,0,0,0,0,0,0,0,1,0,1,0,0,0,0,0,0,0,1,MEDIUM
1,1,1,1,1,1,1,1,2,0,114,3,8,4,200,0,0,0,0,0,0,0,0,0,0,0,0,0,0,0,1,0,0,SAFE
0,1,0,1,1,0,1,1,0,0,139,2,7,3,200,1,0,0,0,0,0,0,0,0,1,0,0,0,0,0,0,0,1,CRITICAL
1,1,0,1,1,1,0,1,1,0,48,3,10,1,500,0,0,1,0,0,0,1,0,0,1,0,0,1,0,0,0,0,0,HIGH
1,1,1,1,1,1,1,0,0,0,122,4,12,7,200,0,0,0,0,0,0,0,0,0,1,0,0,0,0,0,0,0,0,LOW
1,0,1,1,1,1,1,1,4,0,69,2,24,0,200,0,0,0,0,0,0,0,1,0,0,1,0,0,0,0,1,0,1,MEDIUM
1,1,0,1,0,1,1,1,3,0,50,3,18,5,200,0,0,0,0,0,0,0,1,0,0,0,0,0,0,0,0,0,0,MEDIUM
1,1,0,1,1,1,0,1,1,0,73,4,8,5,301,0,0,0,0,0,0,1,0,0,1,0,0,0,1,0,0,0,0,HIGH
1,1,1,1,1,1,1,1,2,2,23,2,3,2,302,0,0,0,0,0,0,0,0,0,0,0,0,0,0,0,0,1,0,SAFE
1,1,1,1,0,1,1,0,1,0,123,4,7,4,200,0,0,0,0,0,0,0,1,0,1,0,0,0,0,0,0,0,1,MEDIUM
1,1,1,1,1,1,1,1,0,0,99,0,14,9,302,0,0,0,0,0,0,0,0,0,0,0,0,0,0,0,0,0,0,SAFE
1,1,1,1,1,1,1,1,3,0,82,3,1,8,200,0,0,0,0,0,0,0,0,0,0,0,0,0,0,0,0,0,0,SAFE
1,1,1,1,1,0,1,0,2,0,41,1,6,4,200,0,0,0,0,0,0,0,0,0,1,0,0,0,0,0,0,0,1,MEDIUM
1,1,1,1,1,1,1,1,4,0,24,2,3,3,200,1,0,0,0,0,0,0,0,0,0,0,0,0,1,0,0,0,0,CRITICAL
1,1,1,1,1,1,1,0,1,0,111,4,13,1,200,0,0,0,0,0,0,0,0,0,1,0,0,0,0,0,0,0,0,LOW
1,1,1,1,1,1,1,1,1,0,128,3,2,2,200,0,0,0,0,0,0,0,0,0,0,0,0,0,0,0,0,0,0,SAFE
1,1,1,1,0,1,1,1,2,0,115,4,13,2,200,0,0,0,0,0,0,0,0,0,0,0,0,0,0,0,0,0,1,LOW
1,1,0,1,1,1,1,1,4,0,122,0,12,5,301,0,0,0,0,0,0,0,0,0,0,0,0,0,0,0,0,0,0,LOW
0,1,0,1,1,0,1,1,2,0,109,1,21,3,200,1,0,0,0,0,1,0,0,0,1,0,0,0,0,0,0,0,0,CRITICAL
1,1,1,1,0,1,1,1,3,0,21,0,7,5,200,0,0,0,0,0,0,0,0,0,0,0,0,0,1,0,0,0,0,LOW
1,1,1,1,1,1,1,0,4,1,107,2,3,0,200,0,0,0,0,0,0,0,0,0,1,0,0,0,0,0,0,1,0,LOW
1,1,1,1,1,1,1,1,0,0,52,4,24,4,200,0,0,0,0,0,0,0,0,0,0,0,0,0,0,0,0,0,0,SAFE
1,1,0,1,1,1,1,1,2,0,25,4,3,3,200,0,0,0,0,0,0,0,0,0,0,0,0,0,0,0,0,0,0,LOW
0,1,0,0,1,0,1,1,0,0,138,3,16,7,200,1,0,0,0,0,0,0,0,0,1,0,0,0,0,0,0,0,1,CRITICAL
1,1,1,1,1,1,0,1,2,0,86,0,3,6,200,0,0,0,0,3,0,0,0,0,1,0,0,0,0,0,0,0,1,HIGH
0,0,0,1,1,0,1,1,2,0,119,0,28,5,200,0,0,0,0,0,0,0,0,0,1,1,0,0,0,0,0,0,1,HIGH
1,1,1,1,1,1,1,1,2,0,140,0,19,7,301,0,0,0,0,0,0,0,0,0,0,0,0,0,0,0,0,0,1,SAFE
1,1,0,1,1,0,1,1,0,0,134,0,1,2,200,0,0,0,0,0,0,0,0,0,1,0,0,0,0,0,0,0,0,MEDIUM
1,0,1,1,1,1,1,1,2,0,143,1,3,0,200,1,0,0,0,0,0,0,0,0,0,1,0,0,0,0,0,0,0,CRITICAL
0,1,0,1,1,0,1,1,4,0,42,3,5,6,302,0,0,0,0,0,0,0,0,0,1,0,0,0,0,0,0,0,0,HIGH
0,1,0,1,0,0,1,1,0,0,133,2,15,1,200,1,1,0,0,0,0,0,0,0,1,0,0,0,0,0,0,0,1,CRITICAL
1,1,1,1,1,1,1,1,2,1,28,0,24,1,200,0,0,0,0,0,0,0,0,0,0,0,0,0,0,0,0,1,1,SAFE
1,1,1,1,1,1,1,1,0,0,117,2,5,1,200,0,0,0,0,0,0,0,0,0,0,0,0,0,0,0,0,0,1,SAFE
1,1,0,1,1,1,1,1,1,0,136,4,6,8,301,0,0,0,0,0,0,0,0,0,0,0,0,1,0,0,0,0,0,LOW
0,1,0,1,1,0,1,1,3,0,25,2,12,7,301,0,0,0,0,0,0,0,0,0,1,0,0,0,0,0,1,0,0,HIGH
1,1,1,1,1,1,1,1,2,0,29,0,8,1,302,0,0,0,0,0,0,0,0,0,0,0,0,0,0,0,0,0,0,SAFE
1,0,0,1,1,1,1,1,4,2,121,4,17,10,302,0,0,0,0,0,0,0,0,0,0,1,0,0,0,0,0,1,1,MEDIUM
1,1,0,1,1,1,1,0,0,0,118,3,20,7,302,0,0,0,1,0,0,0,0,0,1,0,0,0,0,0,0,0,0,HIGH
1,1,1,1,1,1,1,1,3,0,27,2,12,5,200,0,0,0,0,0,0,0,0,1,0,0,0,0,0,0,1,0,1,HIGH
1,1,1,1,1,1,1,1,4,0,64,1,5,2,200,1,1,0,0,0,0,0,0,0,0,0,0,0,0,0,0,0,0,CRITICAL
1,0,0,0,1,1,1,0,2,0,130,2,17,7,302,0,0,0,0,0,0,0,0,0,1,1,0,0,1,0,0,0,0,MEDIUM
1,1,1,1,1,1,1,1,4,0,116,2,24,2,302,0,0,0,0,0,0,0,0,0,0,0,0,0,0,0,0,0,0,SAFE
1,1,1,0,1,1,1,1,3,0,101,4,21,7,200,0,0,0,0,0,0,0,0,1,0,0,0,0,0,0,1,0,0,HIGH
1,1,1,1,1,1,1,1,2,0,56,4,9,5,302,0,0,0,0,0,0,0,0,0,0,0,0,0,0,0,0,0,0,SAFE
0,1,0,0,1,0,1,1,3,0,139,3,19,5,302,0,0,0,0,0,0,0,0,0,1,0,0,0,0,1,0,0,1,HIGH
0,1,0,1,0,0,1,1,1,0,128,2,11,5,200,0,1,0,0,0,0,0,0,0,1,0,0,1,0,1,1,0,0,HIGH
1,1,1,1,1,1,1,1,1,0,134,3,27,7,301,0,0,0,0,0,0,0,0,0,0,0,0,0,0,0,0,0,0,SAFE
1,1,1,1,1,1,1,0,4,2,127,1,24,4,200,0,0,0,0,0,0,0,0,0,1,0,0,0,0,0,0,1,1,LOW
1,1,1,1,1,1,1,0,4,0,73,0,13,5,200,0,0,0,0,0,0,0,0,0,1,0,0,0,0,0,0,0,0,LOW
1,1,1,1,1,1,1,1,1,1,72,1,4,4,200,0,0,0,0,0,0,0,0,0,0,0,0,0,0,0,0,1,0,SAFE
1,1,1,1,1,1,1,1,1,0,98,1,22,0,200,0,0,0,0,0,0,0,0,1,0,0,0,0,0,0,1,0,0,HIGH
1,1,1,1,1,1,1,1,3,0,133,4,13,3,302,0,0,0,0,0,0,0,0,0,0,0,0,0,0,0,0,0,0,SAFE
1,1,0,0,1,0,1,0,1,0,131,2,12,7,302,0,0,0,0,0,0,0,0,0,1,0,0,0,0,0,0,0,0,MEDIUM
0,0,0,1,1,0,1,1,1,0,140,4,5,5,301,1,1,0,0,0,0,0,0,0,1,1,0,0,1,0,0,0,0,CRITICAL
1,1,1,1,1,1,0,1,3,0,62,2,2,6,301,0,0,0,0,0,0,0,1,0,1,0,0,0,1,1,0,0,0,MEDIUM
1,1,1,1,1,1,1,1,0,0,142,3,10,10,200,0,0,0,0,0,0,0,0,0,0,0,0,0,0,0,0,0,0,SAFE
1,1,1,1,1,1,1,1,1,0,94,0,26,8,302,0,0,0,0,0,0,0,0,0,0,1,0,0,1,0,0,0,0,LOW
1,1,1,1,1,1,0,1,0,0,115,3,8,2,200,1,0,0,0,0,0,0,0,0,1,0,0,0,0,0,0,0,0,CRITICAL
1,1,1,1,0,1,1,1,3,0,72,0,23,5,200,0,0,0,0,0,0,0,0,0,0,0,0,0,0,0,0,0,0,LOW
1,1,1,1,1,1,1,1,0,0,50,2,3,1,200,0,0,0,0,0,0,0,0,0,0,0,0,0,0,0,0,0,0,SAFE
1,1,1,1,1,1,1,1,0,0,117,1,27,8,301,0,1,0,0,0,0,0,0,0,0,0,0,0,0,0,0,0,0,HIGH
1,1,1,1,0,1,1,1,2,1,81,4,0,5,200,1,0,0,0,0,1,0,0,0,0,0,0,0,0,0,0,1,1,CRITICAL
1,0,1,1,1,1,1,1,4,0,105,1,18,7,200,1,0,0,0,0,0,0,0,0,0,1,0,0,0,0,0,0,0,CRITICAL
1,1,0,1,1,1,1,1,4,0,33,1,1,2,200,0,0,0,0,0,0,0,0,0,0,0,0,0,0,1,0,0,0,LOW
1,1,1,1,1,1,1,1,2,1,137,2,5,6,200,0,0,0,0,0,0,0,0,0,0,0,0,0,0,0,1,1,1,SAFE
1,1,1,1,1,1,1,1,0,0,146,1,15,3,302,0,0,0,0,0,0,0,0,0,0,0,0,0,0,0,0,0,1,SAFE
1,1,1,1,1,1,1,1,4,0,49,3,5,8,301,0,0,0,0,0,0,0,0,0,0,0,0,0,0,0,0,0,0,SAFE
1,1,1,1,1,1,1,1,2,0,32,4,28,0,200,0,0,0,0,0,0,0,0,0,0,1,0,0,0,0,0,0,0,LOW
1,0,1,0,1,1,1,1,4,0,36,2,17,4,302,0,0,0,0,0,0,0,1,0,0,1,0,0,0,0,0,0,0,MEDIUM
1,1,1,1,0,0,1,1,1,0,64,3,24,6,302,0,0,0,0,0,0,0,1,0,1,0,0,0,0,0,0,0,1,MEDIUM
1,1,1,1,1,1,1,0,3,0,40,0,4,10,200,0,0,0,0,0,0,0,0,0,1,0,0,0,0,0,0,0,0,LOW
1,1,1,1,1,1,1,1,2,0,76,0,15,4,200,0,0,0,3,0,0,0,0,0,0,0,0,0,0,0,0,0,0,HIGH
1,1,1,1,1,1,1,1,3,0,109,0,7,4,302,0,0,0,0,0,0,0,0,0,0,0,0,0,0,0,0,0,0,SAFE
1,0,1,0,1,1,1,0,3,0,96,2,16,3,301,0,0,0,0,0,0,0,1,0,1,1,0,0,0,0,0,0,1,MEDIUM
1,1,1,1,1,1,1,1,2,2,66,1,28,2,301,0,0,0,2,0,0,0,0,0,0,0,0,0,0,0,1,1,0,HIGH
0,1,0,1,0,0,1,1,3,1,128,2,19,0,200,1,0,0,0,0,0,0,0,0,1,0,0,0,0,0,0,1,1,CRITICAL
1,1,1,1,1,0,1,1,4,2,31,0,1,6,500,0,0,1,0,0,0,0,0,0,1,0,0,1,0,0,0,1,0,HIGH
1,1,1,1,0,1,1,1,0,0,142,4,28,7,302,0,0,0,0,0,0,0,0,0,0,0,0,0,0,0,0,0,0,LOW
0,1,0,1,1,0,1,1,1,1,100,2,21,6,200,0,0,0,0,0,0,0,0,0,1,0,0,1,0,0,0,1,0,HIGH
1,1,1,1,1,1,1,1,3,0,32,1,8,2,200,0,0,0,0,0,1,0,0,0,0,0,0,0,0,0,1,0,0,HIGH
0,1,0,1,1,0,1,0,1,0,89,1,9,7,200,1,0,0,0,0,0,0,0,0,1,0,0,0,0,0,0,0,0,CRITICAL
1,1,0,0,1,0,1,0,2,0,66,2,2,7,200,0,0,0,0,0,0,0,0,0,1,0,0,0,0,0,0,0,1,MEDIUM
1,1,1,1,1,0,0,1,2,0,78,0,17,6,200,0,0,0,0,0,0,0,1,0,1,0,0,0,0,0,0,0,0,MEDIUM
0,1,0,1,1,0,1,1,0,0,129,3,23,0,302,1,0,0,0,0,0,0,0,0,1,0,0,0,0,0,0,0,0,CRITICAL
1,1,1,1,1,1,1,0,3,0,141,1,26,9,200,1,0,0,0,0,0,0,0,0,1,0,0,0,0,1,0,0,0,CRITICAL
1,1,1,1,1,1,1,1,0,0,106,3,24,5,200,0,0,0,0,0,0,0,0,0,0,0,0,0,0,0,0,0,0,SAFE
1,1,1,1,1,1,1,1,1,0,133,1,15,8,200,0,0,0,0,0,0,0,0,0,0,0,0,1,0,0,1,0,0,SAFE
1,1,1,1,1,1,1,1,3,0,34,1,28,5,301,0,0,0,0,0,0,0,0,0,0,0,0,0,0,0,0,0,1,SAFE
1,1,1,1,1,1,1,0,2,0,85,3,15,9,200,0,0,0,0,0,0,0,0,0,1,0,0,0,0,0,0,0,0,LOW
0,1,0,1,1,0,1,1,3,0,77,2,24,7,200,0,0,0,0,0,0,0,0,0,1,0,0,0,0,1,0,0,1,HIGH
1,1,1,1,1,1,1,1,2,2,82,2,27,7,200,0,0,0,0,0,0,0,0,0,0,0,0,0,0,1,0,1,0,SAFE
1,1,1,1,1,1,1,1,4,1,89,4,0,3,500,0,0,1,0,0,0,0,0,0,0,0,0,0,0,0,0,1,1,HIGH
0,0,0,1,1,1,1,1,4,0,71,2,21,1,301,0,0,0,0,0,0,0,0,0,0,1,0,0,0,0,0,0,1,HIGH
1,1,1,1,1,1,1,0,4,0,70,2,25,4,200,0,0,0,0,0,0,0,0,0,1,0,0,0,0,1,0,0,1,LOW
0,1,0,0,1,0,1,1,2,0,48,2,7,7,200,0,0,0,0,0,0,0,0,0,1,0,0,0,0,0,0,0,0,HIGH
1,0,1,1,1,1,0,1,1,0,37,3,21,5,200,0,0,0,0,0,1,0,0,0,1,1,0,0,0,0,0,0,0,HIGH
1,0,0,0,1,1,1,0,0,0,62,3,28,5,302,0,0,0,0,0,0,0,0,0,1,1,0,0,0,0,0,0,0,MEDIUM
1,1,0,0,1,0,1,1,0,0,61,1,11,6,200,0,0,0,0,0,0,0,0,0,1,0,0,0,0,0,0,0,0,MEDIUM
1,1,0,1,1,1,1,1,0,0,79,1,13,1,200,0,0,0,0,0,0,0,0,0,0,0,0,0,0,0,0,0,0,LOW
1,1,1,1,0,1,0,1,0,0,101,1,11,8,200,0,0,0,0,0,0,0,0,0,1,0,0,0,0,0,0,0,0,MEDIUM
1,1,1,1,1,1,1,0,1,0,145,0,22,8,200,0,0,0,0,0,0,0,0,0,1,0,0,0,0,0,0,0,1,LOW
1,1,1,1,1,1,1,1,0,0,50,1,20,1,200,0,0,0,0,0,0,0,0,0,0,0,0,0,0,0,0,0,0,SAFE
0,1,0,1,1,0,1,1,0,0,129,2,2,4,301,1,0,0,0,0,0,0,0,0,1,0,0,0,0,0,0,0,0,CRITICAL
1,1,1,1,0,1,1,1,2,0,59,2,12,5,200,0,0,0,0,0,0,0,0,0,0,0,0,0,0,0,0,0,1,LOW
1,1,1,1,1,1,1,1,3,1,73,1,13,3,301,0,0,0,0,0,0,0,0,0,0,1,0,0,1,0,0,1,0,LOW
1,0,1,1,0,0,1,0,4,1,74,3,12,1,200,0,0,0,0,0,0,0,0,0,1,1,0,0,0,0,0,1,0,MEDIUM
1,1,1,1,0,1,1,1,3,1,38,4,5,4,200,0,0,0,0,0,0,0,0,0,0,0,0,0,0,0,0,1,0,LOW
1,1,1,1,0,1,1,1,0,0,143,1,7,5,200,0,0,0,0,0,0,0,0,0,0,0,0,0,0,0,0,0,1,LOW
0,1,0,1,1,0,1,1,3,0,109,3,15,5,301,1,0,0,0,0,1,0,0,0,1,0,0,0,0,0,0,0,1,CRITICAL
1,1,1,1,0,1,1,1,1,0,64,0,14,8,200,0,0,0,0,0,0,0,0,0,0,0,0,0,0,0,0,0,0,LOW
1,1,1,1,1,1,1,1,0,0,145,4,4,10,200,0,0,0,0,0,0,0,0,0,0,0,0,0,0,0,0,0,1,SAFE
1,0,1,0,1,1,0,1,1,0,136,3,6,1,302,0,0,0,0,0,0,0,0,0,1,1,0,0,0,0,0,0,0,MEDIUM
1,1,0,1,1,1,1,1,2,0,59,2,13,1,200,0,0,0,0,0,0,0,0,0,0,0,0,0,0,1,1,0,0,LOW
1,1,1,1,1,1,1,1,2,0,88,1,28,7,200,0,0,0,0,0,0,0,0,0,0,0,0,0,0,0,0,0,0,SAFE
0,1,0,1,1,0,1,1,1,0,88,4,19,10,301,1,0,0,0,0,0,0,0,0,1,0,0,0,0,0,1,0,0,CRITICAL
0,1,0,1,1,1,1,1,0,0,89,1,13,6,200,1,1,0,0,0,0,0,0,0,0,0,0,0,0,0,0,0,0,CRITICAL
1,1,0,1,1,0,1,1,2,0,44,2,12,8,200,0,0,0,0,0,0,0,0,0,1,0,0,0,1,1,0,0,0,MEDIUM
1,0,1,1,1,1,1,0,2,0,69,2,13,4,200,0,0,0,0,0,0,0,0,0,1,1,0,0,0,0,0,0,1,MEDIUM
0,1,0,1,1,0,1,1,3,0,94,1,15,3,200,1,0,0,0,0,1,0,0,0,1,0,0,0,1,0,0,0,0,CRITICAL
1,1,1,1,1,1,1,1,2,0,58,4,1,5,200,0,0,0,0,0,0,0,0,0,0,0,0,0,0,0,1,0,0,SAFE
1,1,1,1,1,1,1,1,4,1,44,4,12,7,301,0,0,0,0,0,0,0,0,0,0,0,0,0,0,0,0,1,0,SAFE
1,1,1,1,1,1,1,0,0,0,84,3,11,1,200,0,0,0,0,0,0,0,0,0,1,0,0,0,0,0,0,0,0,LOW
1,1,1,1,0,1,1,1,4,0,87,0,22,9,200,0,0,0,0,0,0,0,0,0,0,0,0,0,0,0,0,0,0,LOW
1,1,1,0,1,0,0,1,0,0,45,1,28,7,302,0,0,0,0,0,0,0,0,0,1,0,0,0,0,0,0,0,0,MEDIUM
1,1,1,1,1,1,0,1,4,0,63,4,9,7,200,0,0,0,0,0,0,0,1,0,1,0,0,0,0,0,1,0,0,MEDIUM
1,1,1,1,1,1,0,1,4,2,39,1,27,5,200,0,0,0,0,0,0,0,1,0,1,0,0,0,0,0,0,1,1,MEDIUM
1,1,0,1,1,1,1,1,0,0,36,2,3,8,301,0,0,0,0,0,0,0,0,0,0,0,0,0,0,0,0,0,0,LOW
1,1,1,1,1,1,1,0,1,0,100,1,10,6,200,0,0,0,0,0,0,0,0,0,1,0,0,0,0,0,1,0,1,LOW
1,0,1,1,1,1,0,1,1,0,86,2,5,8,200,0,0,0,0,0,1,0,0,0,1,1,0,1,0,0,0,0,1,HIGH
1,1,1,1,1,1,1,1,2,1,90,0,16,0,200,0,0,0,0,0,0,0,0,0,0,0,0,0,0,0,0,1,1,SAFE
1,1,0,1,1,1,1,1,2,0,66,2,23,2,200,0,0,0,0,2,0,0,0,0,0,0,0,0,0,1,0,0,0,HIGH
1,1,1,1,1,1,1,1,4,2,86,3,14,5,200,1,0,0,0,0,1,0,0,0,0,0,0,0,0,0,0,1,0,CRITICAL
1,0,1,1,1,1,1,1,4,0,147,2,8,9,302,0,0,0,0,0,0,1,0,0,0,1,0,0,0,0,0,0,0,HIGH
1,1,0,1,1,1,1,1,1,0,19,0,19,10,200,0,0,0,0,0,0,0,0,1,0,0,0,0,0,0,1,0,0,HIGH
1,1,1,1,1,1,1,1,3,2,107,2,25,2,301,0,0,0,0,0,0,0,0,0,0,0,0,1,0,0,0,1,1,SAFE
1,1,0,0,0,1,1,0,3,1,63,1,20,4,200,0,0,0,0,0,0,0,0,0,1,0,0,0,0,0,0,1,1,MEDIUM
1,1,1,1,1,1,1,1,2,0,70,1,4,3,200,0,0,0,0,0,0,0,0,0,0,0,0,0,0,1,0,0,0,SAFE
1,1,1,1,0,1,1,1,1,0,124,4,10,6,302,0,0,0,0,0,0,0,0,1,0,0,0,0,0,0,1,0,0,HIGH
1,1,1,1,1,1,1,1,4,1,112,0,15,8,301,0,0,0,0,0,0,0,0,0,0,1,0,0,0,0,0,1,0,LOW
1,0,0,1,1,1,1,1,4,0,84,1,26,1,200,0,0,0,0,0,0,0,0,0,0,1,0,0,0,0,1,0,0,MEDIUM
1,0,1,1,1,1,1,1,0,0,38,2,22,3,200,1,0,0,0,0,0,0,0,0,0,1,0,0,1,0,0,0,0,CRITICAL
1,1,1,1,0,1,0,1,1,0,142,1,3,9,301,0,0,0,0,0,0,0,1,0,1,0,0,0,0,0,0,0,0,MEDIUM
0,1,0,1,1,1,1,1,3,0,97,3,16,0,200,1,1,0,0,0,1,0,0,0,0,0,0,0,0,1,0,0,1,CRITICAL
1,1,1,1,1,1,1,1,2,0,132,1,9,1,302,0,0,0,0,0,0,0,0,0,0,0,0,0,0,0,0,0,0,SAFE
0,1,0,1,1,1,1,1,0,0,96,4,21,10,302,0,1,0,0,0,0,0,0,0,0,0,0,0,0,0,0,0,0,HIGH
1,1,1,1,1,1,1,1,0,0,78,4,5,6,200,0,0,0,0,0,0,0,0,0,0,0,0,0,0,0,0,0,1,SAFE
1,1,1,1,1,0,1,0,1,0,32,0,16,10,301,0,0,0,0,0,0,0,1,0,1,0,0,0,0,1,0,0,1,MEDIUM
1,0,0,1,1,1,1,1,2,0,109,1,15,0,200,0,0,0,0,0,0,0,0,0,0,1,0,0,0,0,0,0,0,MEDIUM
1,1,1,1,1,1,1,1,4,0,41,4,27,10,302,0,0,0,0,0,0,0,0,0,0,0,0,0,1,0,1,0,0,SAFE
0,1,0,0,1,0,1,1,2,0,23,3,13,9,302,1,1,0,0,0,0,0,0,0,1,0,0,0,0,0,0,0,1,CRITICAL
1,0,0,1,1,0,1,0,3,2,121,4,0,8,200,0,0,0,0,0,0,0,0,0,1,1,0,0,1,1,0,1,1,MEDIUM
1,1,1,0,1,1,1,1,1,0,18,1,2,5,200,0,0,0,0,0,1,0,0,0,0,0,0,1,0,0,0,0,0,HIGH
1,1,1,1,1,1,1,0,1,0,107,2,14,8,200,0,0,0,0,0,0,0,0,0,1,0,0,1,0,0,0,0,0,LOW
1,1,1,1,1,1,1,1,2,0,105,3,15,5,200,0,0,0,0,0,0,0,0,0,0,0,0,1,0,0,0,0,0,SAFE
1,1,1,1,1,1,1,0,0,0,28,4,20,10,200,0,0,0,0,0,0,0,0,0,1,0,0,0,0,0,0,0,0,LOW
1,1,1,1,1,1,1,1,0,0,31,3,5,7,200,0,0,0,0,0,0,0,0,0,0,0,0,0,0,0,0,0,1,SAFE
1,0,1,1,1,1,0,1,1,0,47,0,25,1,301,0,0,0,0,0,0,0,0,0,1,1,0,0,0,0,1,0,0,MEDIUM
0,1,0,1,1,0,0,1,2,0,42,3,27,0,302,0,0,0,0,0,0,0,0,0,1,0,0,1,0,1,0,0,0,HIGH
0,0,0,1,1,1,1,1,3,0,149,4,3,6,200,0,0,0,0,0,0,0,0,0,0,1,0,0,0,0,0,0,0,HIGH
1,1,1,1,1,1,0,1,3,0,114,2,3,10,200,1,0,0,0,0,1,0,0,0,1,0,0,0,0,0,1,0,0,CRITICAL
1,1,1,1,0,1,1,1,3,0,118,1,5,6,200,0,0,0,0,0,1,0,0,0,0,0,0,0,0,0,0,0,1,HIGH
1,1,1,1,1,1,1,1,0,0,50,1,14,8,302,0,0,0,0,0,0,0,0,0,0,0,0,0,0,0,0,0,0,SAFE
1,0,0,1,1,1,0,0,3,0,39,3,5,0,200,0,0,0,0,0,0,0,0,0,1,1,0,0,0,0,0,0,1,MEDIUM
1,1,1,0,1,0,1,1,3,2,65,0,26,1,302,0,0,0,0,0,0,0,0,0,1,0,0,0,1,0,0,1,1,MEDIUM
1,1,1,1,1,1,1,1,0,0,25,0,7,4,301,0,0,0,5,0,0,0,0,0,0,0,0,0,0,0,0,0,0,HIGH
1,1,1,1,1,1,1,1,4,0,140,2,24,1,200,0,0,0,0,0,0,0,0,0,0,0,0,1,0,0,1,0,1,SAFE
1,1,1,1,1,1,1,1,1,0,135,2,14,8,200,0,0,0,0,0,0,0,0,0,0,0,0,0,0,0,0,0,0,SAFE
1,1,1,1,1,1,1,1,3,0,113,1,19,5,200,0,0,0,0,0,0,0,0,0,0,0,0,0,0,1,0,0,0,SAFE
1,1,0,0,1,0,0,1,1,0,19,3,0,4,301,0,0,0,0,0,0,0,0,0,1,0,0,0,1,0,0,0,1,MEDIUM
1,1,1,1,1,1,1,1,2,0,130,3,20,1,200,0,0,0,0,0,0,0,0,0,0,0,0,0,1,0,0,0,0,SAFE
1,1,1,1,1,1,1,1,4,0,134,2,18,1,200,0,0,0,0,0,0,0,0,0,0,0,0,0,0,0,1,0,0,SAFE
1,0,0,1,1,1,0,1,0,0,118,2,26,0,200,0,0,0,0,0,0,0,0,0,1,1,0,0,0,0,0,0,0,MEDIUM
1,1,1,1,0,1,1,1,0,0,107,4,21,5,500,0,0,1,0,0,0,0,0,0,0,0,0,0,0,0,0,0,0,HIGH
0,1,0,1,0,0,1,1,0,0,143,4,11,3,301,1,0,0,0,0,1,0,0,0,1,0,0,0,0,0,0,0,1,CRITICAL
1,1,0,1,0,0,1,0,3,0,51,1,1,8,200,0,0,0,0,0,0,0,0,0,1,0,0,0,0,0,0,0,1,MEDIUM
1,0,0,0,1,1,1,1,1,0,131,2,4,7,200,0,0,0,0,0,0,0,0,0,0,1,0,0,1,0,0,0,1,MEDIUM
1,1,1,1,1,1,1,1,3,0,126,3,0,10,301,0,0,0,0,0,0,0,0,0,0,1,0,0,0,0,0,0,0,LOW
1,1,1,1,1,1,1,1,4,0,36,3,26,7,200,1,0,0,0,0,0,0,0,0,0,0,0,0,0,0,0,0,0,CRITICAL
1,1,1,1,1,1,1,1,1,0,24,0,28,9,500,0,0,1,0,0,0,0,0,0,0,0,0,0,0,0,0,0,1,HIGH
1,1,1,1,1,1,1,1,0,0,79,2,8,2,200,1,0,0,0,0,0,0,0,0,0,0,0,0,0,0,0,0,0,CRITICAL
1,1,0,1,1,0,1,1,0,0,132,1,19,0,301,0,0,0,0,0,0,0,0,0,1,0,0,0,0,0,0,0,0,MEDIUM
0,0,0,1,1,0,1,1,0,0,89,4,16,7,200,1,1,0,0,0,0,0,0,0,1,1,0,0,0,0,0,0,0,CRITICAL
0,1,0,1,1,1,0,1,4,0,129,3,21,1,301,1,0,0,0,0,1,0,0,0,1,0,0,1,0,0,0,0,1,CRITICAL
1,0,0,0,1,1,1,1,4,0,56,2,8,8,302,0,0,0,0,0,0,0,1,0,0,1,0,0,0,0,0,0,0,MEDIUM
1,1,1,1,1,1,1,1,1,0,88,0,22,4,302,0,0,0,0,0,0,0,0,0,0,0,0,0,0,0,0,0,0,SAFE
0,1,0,1,0,0,1,1,4,1,60,2,28,9,200,1,1,0,0,0,0,0,0,0,1,0,0,0,1,0,0,1,1,CRITICAL
1,1,1,1,1,1,1,0,3,0,24,3,13,4,302,0,0,0,0,0,0,0,0,0,1,0,0,0,0,0,0,0,1,LOW
1,1,1,0,1,0,1,0,3,2,125,3,17,7,200,0,0,0,0,0,0,0,1,0,1,0,0,0,0,0,0,1,0,MEDIUM
1,0,1,1,1,1,1,0,0,0,56,0,19,6,200,0,0,0,0,0,0,0,0,0,1,1,0,0,0,0,0,0,0,MEDIUM
1,1,1,1,1,1,1,1,4,1,107,4,25,9,301,0,0,0,0,0,0,0,0,0,0,0,0,0,0,0,0,1,0,SAFE
1,1,1,1,1,1,1,0,3,0,148,0,21,4,200,0,0,0,0,0,0,0,0,0,1,0,0,0,0,0,0,0,0,LOW
1,1,1,1,1,1,1,1,1,0,32,0,14,10,302,0,0,0,0,0,0,0,0,0,0,0,0,0,0,0,0,0,0,SAFE
1,1,1,1,1,1,1,1,1,1,124,4,15,3,302,0,0,0,0,0,0,0,0,0,0,0,0,0,0,0,0,1,0,SAFE
0,0,0,1,1,1,1,1,0,0,28,4,4,0,302,1,0,0,0,0,0,0,0,0,0,1,0,0,0,0,0,0,0,CRITICAL
1,1,1,1,1,1,1,1,2,0,42,1,3,9,200,1,1,0,0,0,1,0,0,0,0,0,0,0,0,1,0,0,1,CRITICAL
0,1,0,1,1,0,1,1,0,0,39,3,4,10,200,1,0,0,0,0,0,0,0,0,1,0,0,0,0,0,0,0,0,CRITICAL
1,1,1,1,1,1,1,1,4,0,138,0,1,2,200,0,0,0,0,0,0,0,0,0,0,0,0,0,0,0,0,0,0,SAFE
1,1,1,1,1,1,1,1,1,1,113,4,14,8,302,1,1,0,0,0,0,0,0,0,0,0,0,0,0,0,0,1,1,CRITICAL
1,1,1,1,1,1,1,1,1,0,56,2,10,2,200,0,0,0,0,0,0,0,0,0,0,0,0,0,1,0,0,0,0,SAFE
1,1,1,0,0,1,1,1,1,1,61,3,6,10,200,0,0,0,0,0,0,0,1,0,0,0,0,0,0,0,0,1,1,MEDIUM
0,1,0,1,1,0,1,1,0,0,99,1,20,2,301,0,0,0,0,0,0,0,0,0,1,0,0,0,0,0,0,0,0,HIGH
1,1,0,1,1,1,1,1,0,0,100,1,2,8,200,0,0,0,4,0,0,0,0,0,0,0,0,0,0,0,0,0,0,HIGH
1,0,0,1,1,1,1,0,2,0,114,3,13,4,200,0,0,0,0,0,0,0,0,0,1,1,0,0,0,1,0,0,0,MEDIUM
1,1,0,1,1,1,1,1,3,2,51,2,8,4,200,0,1,0,0,0,0,0,0,0,0,0,0,0,1,0,1,1,1,HIGH
1,0,0,0,1,1,1,0,4,0,150,2,15,9,301,0,0,0,0,0,0,0,0,0,1,1,0,0,0,0,0,0,0,MEDIUM
1,1,1,1,1,1,0,0,3,2,148,1,19,1,200,0,0,0,0,0,0,0,1,0,1,0,0,0,1,0,0,1,1,MEDIUM
1,1,1,0,1,0,0,0,2,0,108,3,2,3,200,0,0,0,0,0,0,0,0,0,1,0,0,0,0,0,0,0,0,MEDIUM
0,1,0,0,1,0,1,1,2,0,137,3,25,10,302,1,0,0,0,0,1,0,0,0,1,0,0,0,0,0,0,0,0,CRITICAL
1,1,1,0,1,1,0,1,4,1,34,2,22,2,200,0,0,0,0,0,0,0,0,0,1,0,0,0,0,1,1,1,1,MEDIUM
1,0,1,0,1,1,0,1,2,0,42,4,27,5,302,0,0,0,0,0,0,0,0,0,1,1,0,0,0,1,0,0,0,MEDIUM
1,1,1,0,1,1,0,1,2,0,40,0,22,3,200,0,0,0,0,0,0,0,1,0,1,0,0,0,0,0,0,0,0,MEDIUM
1,1,1,1,1,1,1,1,2,0,144,1,3,8,200,0,0,0,0,0,1,0,0,0,0,0,0,0,0,0,1,0,0,HIGH
1,1,1,1,1,1,1,1,1,1,61,2,26,4,301,0,0,0,0,0,0,0,0,0,0,0,0,0,0,0,0,1,1,SAFE
1,1,1,1,0,1,1,1,0,0,136,3,14,6,200,1,1,0,0,0,1,0,0,0,0,0,0,0,1,0,0,0,0,CRITICAL
1,1,0,1,0,1,0,1,4,0,96,4,10,1,200,0,0,0,0,0,0,0,1,0,1,0,0,0,0,0,0,0,0,MEDIUM
1,1,1,1,0,1,1,1,2,0,39,3,6,7,200,0,0,0,0,0,0,0,0,0,0,0,0,0,0,0,0,0,0,LOW
1,1,1,1,1,1,1,1,1,0,148,4,25,5,200,0,0,0,0,0,0,0,0,0,0,0,0,0,0,0,0,0,0,SAFE
1,1,1,1,0,1,1,1,3,0,138,3,0,2,200,0,0,0,0,0,0,0,0,0,0,0,0,0,0,0,0,0,0,LOW
1,1,1,1,1,1,1,1,3,0,79,4,8,2,301,0,0,0,0,0,0,0,0,0,0,0,0,0,0,0,0,0,0,SAFE
1,1,0,0,1,1,1,0,4,0,81,1,7,1,200,0,0,0,0,0,0,0,0,0,1,0,0,0,0,0,0,0,1,MEDIUM
0,0,0,1,1,0,1,1,3,2,27,1,3,1,200,1,0,0,0,0,0,0,0,0,1,1,0,0,0,1,0,1,1,CRITICAL
1,1,1,1,1,1,1,1,0,0,105,1,23,2,200,0,0,0,0,0,0,0,0,0,0,1,0,0,0,0,0,0,0,LOW
1,1,1,1,1,1,1,1,4,0,138,3,1,1,301,0,0,0,0,0,0,0,0,0,0,1,0,0,0,1,0,0,0,LOW
0,1,0,1,0,0,1,1,0,0,33,3,12,3,301,1,0,0,0,0,0,0,0,0,1,0,0,0,0,0,0,0,0,CRITICAL
1,0,1,1,1,0,0,1,3,0,42,0,21,6,200,0,0,0,0,0,0,0,1,0,1,1,0,0,0,0,0,0,0,MEDIUM
1,1,1,1,1,1,1,1,1,0,76,0,27,3,200,0,0,0,0,0,0,0,0,0,0,0,0,1,0,0,0,0,0,SAFE
1,1,1,0,1,1,1,1,0,0,27,4,19,3,200,0,0,0,0,0,1,0,0,0,0,0,0,0,0,0,0,0,0,HIGH
1,1,1,1,1,1,1,1,0,0,70,2,10,6,302,0,0,0,0,0,0,0,0,0,0,0,0,0,0,0,0,0,0,SAFE
1,1,1,1,1,1,1,1,2,0,74,3,14,5,200,0,0,0,0,0,0,0,0,0,0,0,0,0,0,0,0,0,0,SAFE
1,0,1,1,0,0,0,1,2,0,110,0,4,10,200,0,0,0,0,0,0,0,0,0,1,1,0,0,0,1,1,0,0,MEDIUM
1,1,1,1,0,1,1,1,3,2,121,2,9,1,302,0,0,0,0,0,0,0,0,0,0,0,0,0,0,0,0,1,1,LOW
1,0,1,1,1,1,1,1,4,0,30,1,14,3,200,1,0,0,0,0,1,0,0,0,0,1,0,0,0,0,0,0,0,CRITICAL
1,1,1,1,1,1,0,1,4,2,21,3,14,0,200,1,0,0,0,0,1,0,0,0,1,0,0,0,1,0,0,1,1,CRITICAL
1,1,1,1,1,1,1,1,4,0,31,1,12,6,200,0,0,0,0,0,0,0,0,0,0,0,0,0,0,0,0,0,0,SAFE
1,1,1,1,0,1,1,1,1,0,145,2,19,6,200,0,0,0,0,1,0,0,0,0,0,0,0,1,0,0,1,0,0,HIGH
1,0,1,1,0,1,1,0,3,0,149,4,13,6,301,0,0,0,0,0,0,0,0,0,1,1,0,0,0,0,0,0,1,MEDIUM
1,0,1,1,1,1,1,1,0,0,147,4,6,9,302,0,0,0,0,0,0,1,0,0,0,1,0,0,0,0,0,0,0,HIGH
1,1,1,0,1,1,1,1,4,0,138,3,23,2,200,0,1,0,0,0,0,0,0,0,0,0,0,0,0,0,0,0,0,HIGH
1,1,1,1,1,1,1,1,2,0,37,1,10,0,301,0,0,0,0,0,0,0,0,0,0,0,0,0,0,0,1,0,0,SAFE
1,1,1,1,1,1,1,1,3,2,23,3,19,1,200,0,0,0,0,0,0,0,0,1,0,0,0,0,0,1,1,1,0,HIGH
1,1,1,1,1,1,1,1,3,1,38,1,12,1,200,0,0,0,0,0,0,0,0,1,0,0,0,0,0,0,1,1,1,HIGH
0,0,0,1,1,0,1,1,3,0,71,0,12,10,200,0,0,0,0,0,0,0,0,0,1,1,0,0,0,0,0,0,0,HIGH
0,1,0,0,1,0,1,1,3,0,91,2,21,4,301,1,0,0,0,0,1,0,0,0,1,0,0,0,0,0,0,0,0,CRITICAL
1,1,1,1,1,1,1,1,1,0,141,3,14,10,302,1,1,0,0,0,0,0,0,0,0,0,0,0,0,0,0,0,0,CRITICAL
1,0,1,0,1,0,1,1,2,0,67,4,26,6,200,0,0,0,0,0,0,0,0,0,1,1,0,0,0,1,0,0,0,MEDIUM
1,1,1,1,1,1,1,1,0,0,145,4,10,2,301,1,0,0,0,0,1,0,0,0,0,0,0,0,0,0,0,0,0,CRITICAL
1,1,0,0,1,1,0,1,3,0,55,0,26,7,301,0,0,0,0,0,0,0,0,0,1,0,0,0,0,0,0,0,0,MEDIUM
0,1,0,1,1,0,1,1,2,0,109,3,14,5,200,1,0,0,0,0,1,0,0,0,1,0,0,0,0,0,0,0,0,CRITICAL
1,1,0,1,1,0,0,1,1,0,140,2,10,6,302,0,0,0,0,0,0,0,1,0,1,0,0,0,0,0,0,0,1,MEDIUM
1,1,1,1,1,1,1,1,2,0,130,3,7,10,200,0,0,0,0,0,0,0,0,0,0,0,0,0,0,0,0,0,0,SAFE
1,0,1,1,1,0,1,1,0,0,67,4,6,5,200,0,0,0,0,0,0,0,0,0,1,1,0,0,0,0,0,0,0,MEDIUM
1,1,1,1,0,1,1,1,1,0,85,2,15,2,200,1,1,0,0,0,1,0,0,0,0,0,0,0,0,0,0,0,1,CRITICAL
0,1,0,1,1,1,1,1,3,0,59,2,13,3,200,1,0,0,0,0,0,0,0,0,0,0,0,0,0,0,0,0,0,CRITICAL
0,1,0,1,1,0,1,1,1,0,22,1,2,2,200,0,0,0,0,0,0,0,0,0,1,0,0,0,0,0,0,0,1,HIGH
0,0,0,1,1,0,1,1,0,0,33,4,6,9,200,1,0,0,0,0,0,0,0,0,1,1,0,0,0,0,0,0,1,CRITICAL
1,1,0,1,1,1,1,1,0,0,30,4,18,9,200,0,0,0,0,0,0,0,0,0,0,0,0,0,0,0,0,0,0,LOW
1,1,1,1,1,1,1,1,2,0,71,2,9,3,200,0,0,0,0,0,0,0,0,0,0,0,0,0,0,1,0,0,0,SAFE
1,1,1,1,1,1,1,1,3,2,19,2,20,7,302,0,0,0,0,0,0,0,0,0,0,0,0,1,0,0,0,1,0,SAFE
0,1,0,1,1,1,1,1,1,0,137,4,27,1,200,0,0,0,0,0,0,0,0,0,0,0,0,0,0,0,0,0,0,HIGH
1,1,0,1,1,1,1,1,2,0,79,1,15,1,200,0,0,0,0,0,0,0,0,0,0,0,0,0,0,0,0,0,0,LOW
0,1,0,1,0,0,1,1,4,1,110,1,15,9,301,1,0,0,0,0,1,0,0,0,1,0,0,0,0,0,0,1,0,CRITICAL
0,1,0,1,1,0,1,1,4,0,91,0,16,2,200,0,0,0,0,0,0,0,0,0,1,0,0,0,0,0,0,0,0,HIGH
1,1,1,1,1,1,1,1,0,0,78,0,20,2,302,0,0,0,0,0,0,0,0,0,0,0,0,0,0,0,0,0,1,SAFE
1,1,0,1,1,1,1,1,4,0,52,2,18,4,301,0,0,0,0,0,0,0,0,0,0,0,0,0,0,1,0,0,0,LOW
1,1,1,0,1,1,1,1,2,0,38,2,23,10,200,1,0,0,0,0,0,0,0,0,0,0,0,0,0,0,0,0,0,CRITICAL
0,1,0,1,1,0,1,1,2,0,100,1,11,9,200,1,0,0,0,0,0,0,0,0,1,0,0,0,0,0,0,0,1,CRITICAL
1,1,1,1,1,1,1,1,2,0,72,0,20,4,200,0,0,0,0,0,0,0,0,0,0,0,0,0,0,0,1,0,0,SAFE
1,1,1,1,1,1,1,1,0,0,147,0,27,2,200,0,0,0,0,0,0,0,0,0,0,0,0,0,1,0,0,0,1,SAFE
1,1,1,1,1,1,1,1,2,0,108,4,23,7,302,0,0,0,0,0,0,0,0,0,0,0,0,0,0,0,0,0,0,SAFE
1,1,0,1,1,0,0,0,2,0,77,3,6,3,301,0,0,0,0,0,0,0,0,0,1,0,0,0,1,0,1,0,1,MEDIUM
0,0,0,1,1,0,1,1,1,0,21,1,4,2,200,0,0,0,0,0,0,0,0,0,1,1,0,0,0,1,0,0,0,HIGH
1,1,1,1,1,1,1,1,0,0,67,1,28,4,200,0,0,0,0,0,1,0,0,0,0,0,0,0,0,0,0,0,0,HIGH
1,0,0,1,1,1,0,0,4,0,71,1,27,0,200,0,0,0,0,0,0,0,0,0,1,1,0,0,0,0,0,0,0,MEDIUM
0,1,0,1,0,1,1,0,0,0,25,1,3,2,200,0,0,0,0,0,0,1,0,0,1,0,0,0,0,0,0,0,1,HIGH
0,1,0,1,1,0,1,1,1,0,54,2,28,2,200,0,0,0,0,0,0,0,0,0,1,0,0,0,0,0,0,0,0,HIGH
1,1,1,1,1,1,1,1,4,0,34,1,7,1,200,0,0,0,0,0,0,0,0,0,0,0,0,0,0,0,0,0,0,SAFE
0,1,0,1,1,0,1,1,2,0,112,4,17,3,200,1,0,0,0,0,1,0,0,0,1,0,0,0,0,0,0,0,1,CRITICAL
1,1,0,1,1,1,1,1,4,0,119,3,3,6,200,0,1,0,0,0,0,0,0,0,0,0,0,0,0,0,0,0,0,HIGH
1,1,1,1,1,1,1,1,4,0,48,3,2,7,200,0,0,0,0,0,0,0,0,0,0,1,0,0,0,0,0,0,0,LOW
1,1,1,1,0,1,1,1,0,0,76,2,15,2,302,0,0,0,0,0,0,0,0,0,0,0,0,0,0,0,0,0,0,LOW
1,1,1,1,1,0,1,1,1,0,108,3,1,4,200,0,0,0,2,0,0,0,0,0,1,0,0,0,0,0,0,0,0,HIGH
1,1,1,1,1,1,1,1,0,0,104,0,5,1,302,0,0,0,0,0,0,0,0,0,0,0,0,0,0,0,0,0,0,SAFE
1,1,1,1,1,1,1,1,0,0,89,1,1,3,200,0,0,0,0,0,0,0,0,0,0,0,0,0,0,0,0,0,0,SAFE
1,1,1,1,1,1,1,1,1,0,60,4,10,7,302,0,0,0,0,0,0,0,0,0,0,0,0,0,0,1,0,0,0,SAFE
1,1,1,1,1,1,1,0,4,0,133,1,5,10,301,0,0,0,0,0,0,0,0,0,1,0,0,0,0,0,0,0,0,LOW
1,1,1,1,1,1,0,1,0,0,94,1,25,4,301,1,0,0,0,0,0,0,0,0,1,0,0,0,0,0,0,0,0,CRITICAL
1,1,1,1,1,1,1,1,0,0,63,4,2,0,200,0,0,0,0,0,0,0,0,0,0,1,0,0,0,0,0,0,1,LOW
1,0,0,1,0,1,1,0,2,0,23,0,5,8,200,0,0,0,0,0,0,0,0,0,1,1,0,0,1,0,0,0,0,MEDIUM
1,1,1,1,1,1,1,1,2,0,37,2,6,5,200,0,0,0,0,0,0,0,0,0,0,0,0,0,1,0,0,0,1,SAFE
1,1,1,1,1,1,1,1,0,0,28,4,0,7,200,1,0,0,0,0,1,0,0,0,0,0,0,0,0,0,0,0,0,CRITICAL
1,0,1,1,1,1,1,1,4,0,35,1,3,2,200,0,1,0,0,0,0,0,0,0,0,1,0,0,0,0,0,0,1,HIGH
0,1,0,1,0,0,0,1,2,2,129,2,20,8,200,0,0,0,0,0,0,0,0,0,1,0,0,0,0,1,0,1,0,HIGH
0,1,0,1,1,1,1,1,4,0,87,4,27,7,302,1,0,0,0,0,1,0,0,0,0,0,0,0,0,0,0,0,0,CRITICAL
1,1,1,1,1,1,1,0,0,0,33,0,10,0,200,0,0,0,0,0,0,0,0,0,1,0,0,0,0,0,0,0,1,LOW
1,1,0,1,1,1,1,1,2,0,98,3,5,7,200,0,0,0,0,0,0,0,0,0,0,0,0,0,1,0,0,0,0,LOW
1,0,0,1,1,1,1,0,4,0,37,3,21,2,200,0,0,0,0,0,0,0,0,0,1,1,0,1,0,0,0,0,0,MEDIUM
1,1,0,1,1,0,1,1,3,0,106,1,25,6,200,0,0,0,4,0,0,0,0,0,1,0,0,0,0,0,0,0,0,HIGH
1,1,1,1,1,1,1,1,3,0,106,3,23,3,200,0,0,0,0,0,0,0,0,0,0,0,0,0,1,0,0,0,0,SAFE
1,1,0,1,0,1,1,1,2,0,52,0,5,6,200,0,0,0,0,0,0,0,1,0,0,0,0,0,0,0,0,0,0,MEDIUM
0,0,0,1,1,0,1,1,0,0,68,1,21,5,302,1,1,0,0,0,1,0,0,0,1,1,0,0,0,0,0,0,0,CRITICAL
1,1,1,0,1,1,0,1,4,0,38,4,24,10,200,0,0,0,0,0,0,0,1,0,1,0,0,0,0,0,0,0,0,MEDIUM
1,1,1,1,1,1,1,0,0,0,56,2,28,10,200,0,0,0,0,0,0,0,0,0,1,0,0,0,0,0,0,0,0,LOW
1,1,1,1,1,1,1,1,0,0,124,3,7,7,200,0,0,0,0,0,0,0,0,0,0,0,0,0,0,0,0,0,1,SAFE
1,1,1,1,1,1,1,1,2,0,142,2,1,0,200,0,0,0,0,0,1,0,0,0,0,0,0,0,0,0,0,0,0,HIGH
1,1,0,1,1,0,0,1,0,0,18,2,24,4,200,0,0,0,0,0,0,0,0,0,1,0,0,0,0,0,0,0,0,MEDIUM
1,1,1,1,1,1,1,1,3,0,100,3,28,10,200,0,0,0,0,0,0,0,0,0,0,1,0,0,0,0,0,0,0,LOW
1,1,1,1,1,1,1,1,4,0,27,2,17,8,200,0,0,0,0,0,0,0,0,0,0,0,0,0,0,0,0,0,1,SAFE
1,1,1,1,1,1,1,1,3,1,124,2,24,9,302,0,0,0,0,0,0,0,0,0,0,0,0,0,0,0,0,1,0,SAFE
1,1,1,1,0,1,1,1,2,2,32,4,18,7,200,0,0,0,0,0,0,0,0,0,0,0,0,0,0,0,0,1,0,LOW
1,1,1,1,1,1,1,0,3,0,21,0,18,6,302,0,0,0,0,0,0,0,1,0,1,0,0,0,0,0,0,0,1,MEDIUM
0,1,0,1,1,1,1,1,4,1,37,4,21,8,200,0,0,0,0,0,0,0,0,0,0,0,0,0,0,0,0,1,0,HIGH
1,1,1,1,0,1,1,1,1,0,102,1,11,5,200,0,0,0,0,0,0,0,0,0,0,0,0,0,0,0,0,0,1,LOW
1,1,1,1,0,1,1,1,1,0,76,3,4,8,200,0,0,0,0,0,0,0,0,0,0,0,0,0,0,0,0,0,0,LOW
1,1,1,1,1,1,1,1,1,0,104,1,22,10,200,0,0,0,0,0,0,0,0,0,0,1,0,1,0,0,0,0,0,LOW
1,1,1,1,0,1,1,1,1,0,91,4,9,5,301,0,0,0,0,0,0,0,0,0,0,0,0,0,0,0,0,0,1,LOW
1,1,1,1,0,1,1,1,0,0,55,3,14,0,200,0,0,0,0,0,0,0,0,0,0,0,0,0,0,0,0,0,0,LOW
1,1,1,1,1,1,1,1,1,0,40,0,16,6,301,0,0,0,0,0,0,0,0,0,0,0,0,0,0,0,0,0,0,SAFE
1,1,1,0,1,1,1,1,4,0,87,2,9,10,200,0,0,0,0,0,0,0,1,0,0,0,0,0,0,0,1,0,1,MEDIUM
1,1,1,1,1,1,1,1,2,0,70,3,2,2,200,0,0,0,0,0,0,0,0,0,0,1,0,0,0,0,0,0,1,LOW
1,0,1,0,1,0,1,0,2,0,81,4,5,1,200,0,0,0,0,0,0,0,0,0,1,1,0,0,0,1,0,0,0,MEDIUM
1,1,1,1,1,1,1,1,0,0,97,0,27,10,302,0,0,0,0,0,0,0,0,0,0,0,0,0,0,0,0,0,0,SAFE
1,1,1,1,1,1,1,1,3,0,127,4,12,9,301,0,0,0,0,0,0,0,0,0,0,1,0,0,0,0,1,0,0,LOW
0,1,0,1,1,1,1,1,4,2,85,1,16,9,200,0,0,0,0,3,0,0,0,0,0,0,0,1,0,1,1,1,0,HIGH
1,1,1,1,1,1,1,1,4,0,26,3,2,9,200,0,0,0,0,0,0,0,0,0,0,1,0,0,0,0,0,0,0,LOW
1,1,0,1,1,1,0,1,4,1,25,0,24,6,200,0,0,0,0,2,0,0,0,0,1,0,0,0,0,0,0,1,0,HIGH
1,1,1,1,1,1,1,1,1,0,25,1,0,7,301,0,0,0,0,0,0,0,0,0,0,0,0,1,0,0,0,0,0,SAFE
1,1,1,1,1,1,1,0,2,0,60,1,21,5,301,0,0,0,0,0,0,0,0,0,1,0,0,0,0,1,0,0,0,LOW
1,1,1,1,1,1,1,1,1,0,59,1,17,5,301,0,0,0,5,0,0,0,0,0,0,0,0,0,0,1,0,0,0,HIGH
1,0,0,1,0,1,0,1,3,0,76,0,28,8,301,0,0,0,0,0,0,0,0,0,1,1,0,0,0,0,0,0,1,MEDIUM
1,1,0,1,1,0,0,1,3,0,19,1,15,9,200,0,0,0,0,0,0,0,0,0,1,0,0,0,0,0,0,0,1,MEDIUM
1,0,1,1,0,1,0,1,0,0,74,1,11,0,200,0,0,0,0,0,0,0,0,0,1,1,0,0,1,0,0,0,0,MEDIUM
1,1,1,1,1,1,1,1,4,0,77,3,25,10,200,0,0,0,0,0,0,0,0,0,0,0,0,0,0,0,0,0,0,SAFE
1,0,1,1,1,1,1,1,1,0,103,0,3,2,200,0,0,0,0,0,0,0,0,1,0,1,0,0,0,0,1,0,0,HIGH
1,1,1,1,1,1,1,1,1,0,32,2,23,9,200,0,0,0,0,0,0,0,0,0,0,0,0,0,0,0,1,0,1,SAFE
0,0,0,1,1,1,1,1,1,0,104,3,15,7,301,0,0,0,0,0,0,0,0,0,0,1,0,0,0,1,0,0,0,HIGH
0,1,0,1,1,0,1,1,4,1,144,3,11,10,302,0,0,0,0,0,0,0,0,0,1,0,0,0,0,0,0,1,0,HIGH
0,1,0,1,1,1,0,1,1,0,64,3,0,7,200,1,1,0,0,0,0,0,0,0,1,0,0,0,0,1,0,0,0,CRITICAL
1,1,1,1,1,1,1,1,0,0,149,4,8,10,200,0,0,0,0,0,0,0,0,0,0,0,0,0,0,0,0,0,1,SAFE
1,1,1,1,1,1,1,0,0,0,47,4,16,10,200,0,0,0,0,0,0,0,0,0,1,0,0,0,0,0,0,0,1,LOW
1,0,1,1,1,0,0,1,2,0,47,0,14,3,301,0,0,0,0,0,0,0,1,0,1,1,0,0,0,0,0,0,0,MEDIUM
1,1,1,1,0,1,1,1,4,0,73,3,8,1,200,0,0,0,0,0,0,0,0,0,0,0,0,0,0,0,0,0,0,LOW
1,1,1,1,1,1,1,1,4,0,146,4,3,3,500,0,0,1,0,0,0,0,0,0,0,0,0,0,0,0,0,0,0,HIGH
1,1,1,1,0,1,1,1,3,0,24,0,18,0,302,0,0,0,0,0,0,0,0,0,0,0,0,0,1,0,0,0,0,LOW
0,1,0,1,1,0,1,1,2,1,64,1,3,10,301,0,1,0,0,0,0,0,0,0,1,0,0,0,0,0,0,1,0,HIGH
1,1,1,0,1,1,0,1,3,0,100,2,26,7,302,0,0,0,0,0,0,0,1,0,1,0,0,0,1,0,0,0,1,MEDIUM
1,1,1,1,1,1,1,1,0,0,66,1,23,10,301,0,0,0,0,0,0,0,0,0,0,0,0,0,0,0,0,0,0,SAFE
1,1,1,1,1,0,1,1,4,0,127,0,3,4,500,0,0,1,0,1,0,0,0,0,1,0,0,0,0,0,0,0,0,HIGH
1,1,1,0,0,1,1,1,2,0,144,0,5,7,200,0,0,0,0,0,0,0,0,0,0,0,0,0,0,0,0,0,1,MEDIUM
1,0,1,0,1,1,1,1,0,0,65,0,25,7,200,0,0,0,0,0,0,0,0,0,0,1,0,0,0,0,0,0,0,MEDIUM
0,1,0,1,0,0,1,1,0,0,72,1,9,3,200,1,0,0,0,0,1,0,0,0,1,0,0,0,0,0,0,0,1,CRITICAL
0,1,0,1,1,0,1,0,3,0,112,3,5,1,301,0,0,0,0,0,0,0,0,0,1,0,0,0,0,0,0,0,0,HIGH
1,1,1,1,1,1,0,1,0,0,27,4,13,2,200,0,0,0,0,0,0,1,0,0,1,0,0,0,0,0,0,0,0,HIGH
1,0,1,1,1,1,1,1,4,2,141,0,20,8,301,0,0,0,0,0,0,0,0,1,0,1,0,0,0,0,1,1,0,HIGH
0,1,0,1,1,1,1,1,0,0,144,1,7,6,200,1,0,0,0,0,0,0,0,0,0,0,0,0,0,0,0,0,0,CRITICAL
1,1,1,1,1,1,1,0,0,0,54,2,27,3,200,0,0,0,0,0,0,0,0,0,1,0,0,0,0,0,0,0,0,LOW
1,1,1,1,1,1,1,1,0,0,84,4,3,5,200,0,0,0,0,0,0,0,0,0,0,1,0,0,0,0,0,0,0,LOW
1,1,1,1,1,1,1,0,1,0,35,4,13,10,200,0,0,0,0,0,0,0,1,0,1,0,0,0,0,0,0,0,0,MEDIUM
0,1,0,1,1,0,1,1,0,0,70,4,21,0,200,1,0,0,0,0,1,0,0,0,1,0,0,0,0,0,0,0,0,CRITICAL
1,1,1,0,1,1,0,0,3,0,113,4,22,1,200,0,0,0,0,0,0,0,1,0,1,0,0,0,0,0,0,0,1,MEDIUM
1,1,1,1,1,1,1,0,1,0,33,2,6,1,301,0,0,0,0,0,0,0,0,0,1,0,0,0,0,0,0,0,0,LOW
1,1,1,1,1,1,1,1,1,0,78,1,13,3,301,0,0,0,0,0,0,0,0,0,0,0,0,0,0,0,1,0,1,SAFE
1,1,1,1,1,1,1,1,0,0,107,0,2,8,301,0,0,0,0,0,0,0,0,0,0,0,0,0,0,0,0,0,1,SAFE
1,1,1,1,1,1,1,1,2,0,122,1,19,0,500,0,0,1,0,0,0,0,0,0,0,0,0,0,0,0,0,0,0,HIGH
1,1,1,0,1,1,0,1,2,0,149,1,8,8,302,0,0,0,0,0,0,0,0,0,1,0,0,1,0,0,0,0,0,MEDIUM
1,1,1,1,1,1,1,1,1,1,93,4,23,7,200,1,0,0,0,0,0,0,0,0,0,0,0,0,0,0,0,1,0,CRITICAL
1,1,1,1,0,1,1,1,4,1,36,1,20,0,200,0,0,0,0,0,0,0,0,1,0,0,0,1,0,0,1,1,1,HIGH
1,1,1,1,1,1,1,1,0,0,76,1,23,7,200,0,0,0,0,0,0,0,0,0,0,0,0,0,0,0,0,0,1,SAFE
0,1,0,0,1,1,1,1,3,2,138,0,9,3,200,0,0,0,0,0,0,0,0,0,0,0,0,0,1,0,0,1,1,HIGH
1,0,1,1,0,0,0,1,4,2,46,3,5,8,200,0,0,0,0,0,0,0,0,0,1,1,0,0,1,0,0,1,1,MEDIUM
1,1,1,1,1,1,1,1,2,2,110,2,5,1,200,0,0,0,0,0,0,0,0,0,0,0,0,0,0,1,1,1,0,SAFE
1,1,1,1,1,1,1,1,1,0,106,0,11,8,200,0,0,0,2,0,0,0,0,0,0,0,0,0,0,0,0,0,1,HIGH
1,1,1,1,0,1,1,1,3,1,44,0,6,4,301,0,0,0,0,0,0,0,0,0,0,0,0,0,0,0,0,1,0,LOW
1,1,1,1,1,1,1,1,3,0,74,4,23,6,200,0,0,0,0,0,0,0,0,0,0,0,0,0,0,0,0,0,1,SAFE
1,1,1,1,0,1,1,1,0,0,60,1,15,10,200,1,0,0,0,0,0,0,0,0,0,0,0,0,1,0,0,0,0,CRITICAL
1,0,0,1,1,1,0,1,2,2,58,4,12,6,302,0,0,0,0,0,0,0,0,0,1,1,0,0,0,0,0,1,0,MEDIUM
1,1,1,1,1,1,1,1,4,0,80,4,3,4,200,1,0,0,0,0,1,0,0,0,0,0,0,0,0,0,0,0,1,CRITICAL
1,1,1,1,1,1,1,1,1,0,98,4,5,0,302,0,0,0,0,0,0,0,0,0,0,0,0,0,0,0,0,0,0,SAFE
1,1,1,1,1,1,1,1,1,0,88,0,11,6,200,0,0,0,0,0,0,0,0,0,0,0,0,0,0,0,0,0,0,SAFE
1,1,1,1,1,1,1,1,3,0,98,4,19,6,200,0,0,0,0,0,0,0,0,0,0,0,0,0,0,0,0,0,1,SAFE
1,1,0,1,1,1,1,1,0,0,77,0,11,10,302,0,0,0,0,0,0,0,0,0,0,0,0,0,0,0,0,0,0,LOW
1,0,0,0,1,1,0,1,4,0,43,2,26,1,200,0,0,0,0,0,0,0,0,0,1,1,0,0,0,1,0,0,1,MEDIUM
1,1,1,1,1,1,1,1,0,0,70,1,24,3,200,0,0,0,0,0,0,0,0,0,0,0,0,0,0,0,0,0,0,SAFE
1,1,1,1,1,1,1,1,2,0,26,4,19,8,200,0,0,0,0,0,0,0,0,0,0,1,0,0,0,0,0,0,0,LOW
0,1,0,1,1,0,1,1,1,0,122,1,6,4,200,0,0,0,0,0,0,0,0,0,1,0,0,0,0,0,0,0,0,HIGH
1,1,1,0,1,1,0,1,4,0,54,3,15,9,200,0,0,0,0,0,0,0,0,0,1,0,0,0,0,0,0,0,1,MEDIUM
1,1,1,1,1,0,0,1,2,0,145,3,4,5,200,0,0,0,0,0,0,0,0,0,1,0,0,0,0,0,1,0,1,MEDIUM
0,1,0,0,1,0,1,1,2,0,76,3,13,10,200,1,1,0,0,0,0,0,0,0,1,0,0,0,0,1,1,0,0,CRITICAL
1,1,1,1,1,1,1,0,2,0,70,2,9,10,200,0,0,0,0,2,0,0,0,0,1,0,0,0,0,0,0,0,0,HIGH
1,0,1,1,1,0,1,1,1,1,44,4,23,0,200,0,0,0,0,0,0,0,1,0,1,1,0,0,0,0,0,1,1,MEDIUM
1,1,1,1,1,1,1,1,1,1,138,1,7,8,200,1,0,0,0,0,1,0,0,0,0,0,0,0,0,0,0,1,0,CRITICAL
0,1,0,1,1,0,0,1,3,0,55,4,13,9,302,1,0,0,0,0,1,0,0,0,1,0,0,0,0,0,0,0,0,CRITICAL
0,1,0,0,1,0,1,1,3,0,132,3,21,7,200,0,0,0,0,0,0,0,0,0,1,0,0,0,0,1,0,0,0,HIGH
1,1,1,1,1,1,1,1,0,0,19,0,12,0,200,0,0,0,0,0,0,1,0,0,0,0,0,0,0,0,0,0,0,HIGH
1,1,1,1,1,1,1,0,1,0,29,0,5,6,301,0,0,0,0,0,0,0,0,0,1,0,0,0,0,0,0,0,0,LOW
1,1,1,0,1,0,1,0,3,0,111,2,28,10,200,0,0,0,0,0,0,0,1,0,1,0,0,0,0,0,0,0,0,MEDIUM
1,1,1,1,1,1,1,1,4,0,37,1,16,1,200,0,1,0,0,0,0,0,0,0,0,0,0,0,0,1,1,0,1,HIGH
1,1,1,1,1,1,1,1,3,0,146,4,6,7,301,0,0,0,0,0,0,0,0,0,0,0,0,0,0,1,0,0,1,SAFE
0,1,0,1,1,0,1,1,0,0,50,1,16,1,200,1,0,0,0,0,1,0,0,0,1,0,0,0,0,0,0,0,0,CRITICAL
0,1,0,1,1,1,1,1,2,0,118,0,25,0,200,0,0,0,0,0,0,0,0,0,0,0,0,0,0,1,0,0,0,HIGH
1,1,1,1,1,1,1,1,2,0,129,0,21,6,200,0,0,0,0,0,0,0,0,0,0,0,0,0,0,0,0,0,0,SAFE
1,1,1,1,1,1,1,1,3,0,140,2,0,4,301,0,0,0,0,0,0,0,0,0,0,0,0,0,0,0,0,0,0,SAFE
1,0,1,0,0,1,0,1,3,0,45,1,17,8,200,0,0,0,0,0,0,0,0,0,1,1,0,0,0,0,0,0,1,MEDIUM
0,0,0,1,1,0,1,1,2,0,102,1,20,5,301,0,0,0,0,0,1,0,0,0,1,1,0,0,0,1,0,0,0,HIGH
1,1,0,1,1,0,1,0,3,0,33,0,9,2,200,0,0,0,0,0,0,0,1,0,1,0,0,0,0,0,0,0,0,MEDIUM
1,1,1,1,1,1,1,1,3,0,43,1,23,6,302,0,0,0,0,0,0,0,0,0,0,0,0,0,0,0,0,0,0,SAFE
1,1,1,1,1,1,1,1,0,0,109,3,28,8,200,0,0,0,0,0,0,0,0,0,0,0,0,0,0,0,0,0,1,SAFE
1,1,1,0,0,0,1,0,1,0,81,0,2,5,200,0,0,0,0,0,0,0,0,0,1,0,0,0,0,0,0,0,1,MEDIUM
1,1,1,1,1,1,1,1,0,0,134,2,10,6,200,0,0,0,0,0,0,0,0,0,0,0,0,0,0,0,0,0,1,SAFE
1,1,1,1,1,1,0,1,2,0,89,2,14,2,200,1,0,0,0,0,0,0,0,0,1,0,0,0,0,0,0,0,0,CRITICAL
0,1,0,0,1,0,1,1,1,1,19,4,5,2,301,0,0,0,0,0,0,0,0,0,1,0,0,0,0,1,0,1,0,HIGH
1,1,1,1,1,1,1,1,3,0,132,1,23,10,200,1,0,0,0,0,1,0,0,0,0,0,0,0,0,0,0,0,0,CRITICAL
1,1,1,1,1,1,1,1,0,0,112,0,9,10,200,0,0,0,0,0,0,0,0,0,0,1,0,0,1,0,0,0,1,LOW
1,1,1,1,1,1,1,1,2,0,141,1,25,10,301,0,0,0,0,0,0,0,0,0,0,0,0,0,0,0,0,0,0,SAFE
1,1,0,1,1,0,0,1,1,0,134,3,19,5,301,0,0,0,0,0,0,0,1,0,1,0,0,0,0,1,0,0,0,MEDIUM
1,1,1,1,1,1,1,1,0,0,120,2,24,8,200,1,0,0,0,0,0,0,0,0,0,0,0,0,0,0,0,0,0,CRITICAL
1,1,1,1,1,1,1,1,2,0,72,4,17,4,200,0,0,0,0,0,0,0,0,0,0,1,0,0,0,0,0,0,0,LOW
0,1,0,1,0,0,1,1,1,0,94,4,21,5,301,0,0,0,0,0,0,0,0,1,1,0,0,0,0,0,1,0,0,HIGH
1,1,1,1,1,1,1,1,2,0,67,1,11,7,302,0,0,0,0,0,0,0,0,0,0,0,0,0,0,0,0,0,0,SAFE
1,1,1,1,1,1,1,1,0,0,130,2,2,7,200,0,0,0,0,0,0,0,0,0,0,0,0,0,0,0,0,0,0,SAFE
1,1,1,1,1,1,1,1,4,1,62,4,28,10,200,0,0,0,0,0,0,0,0,0,0,0,0,0,0,0,0,1,1,SAFE
0,1,0,1,1,0,1,1,2,1,119,1,7,6,200,1,0,0,0,0,1,0,0,0,1,0,0,0,0,0,0,1,0,CRITICAL
1,0,0,0,1,1,1,0,3,0,29,2,26,10,302,0,0,0,0,0,0,0,0,0,1,1,0,0,0,0,0,0,1,MEDIUM
1,1,1,1,1,1,1,1,4,0,144,2,8,1,200,1,1,0,0,0,1,0,0,0,0,0,0,0,0,0,0,0,0,CRITICAL
0,0,0,1,1,0,1,1,1,1,97,0,21,0,200,0,0,0,0,0,0,0,0,0,1,1,0,0,0,0,0,1,0,HIGH
1,1,1,1,0,1,1,1,3,0,97,1,26,3,200,0,0,0,0,0,0,0,0,0,0,0,0,0,0,0,0,0,0,LOW
1,1,0,1,1,0,0,0,3,2,18,0,26,7,200,0,0,0,0,0,0,0,0,0,1,0,0,0,0,0,0,1,1,MEDIUM
1,1,1,1,1,1,1,1,3,0,38,0,28,2,200,0,0,0,0,0,0,0,0,0,0,0,0,0,0,0,0,0,1,SAFE
1,0,0,0,1,1,1,1,1,0,57,3,11,2,200,0,0,0,0,0,0,0,0,0,0,1,0,0,0,0,0,0,0,MEDIUM
1,1,1,1,1,1,1,1,3,0,39,4,1,1,200,0,1,0,0,0,0,0,0,0,0,0,0,0,0,0,0,0,0,HIGH
0,1,0,1,1,0,1,0,2,2,115,1,28,10,302,1,0,0,0,0,0,0,0,0,1,0,0,0,0,1,0,1,0,CRITICAL
1,1,1,1,1,1,1,1,2,0,21,4,1,5,200,0,0,0,0,0,0,0,0,0,0,0,0,1,0,0,0,0,0,SAFE
1,1,1,1,1,1,1,0,0,0,22,1,26,3,200,0,0,0,0,0,0,0,0,0,1,0,0,0,0,0,0,0,0,LOW
1,0,0,1,0,1,1,1,2,0,88,3,20,7,200,0,0,0,0,0,0,0,0,0,0,1,0,0,0,0,0,0,1,MEDIUM
1,1,1,1,1,1,1,1,2,0,57,1,7,8,200,1,0,0,0,0,0,0,0,0,0,0,0,0,0,0,0,0,1,CRITICAL
1,1,0,1,1,0,1,0,0,0,138,1,24,5,200,0,0,0,0,0,0,0,0,0,1,0,0,0,0,0,0,0,0,MEDIUM
0,1,0,1,0,0,1,1,2,2,114,2,22,2,200,0,0,0,0,0,0,0,0,0,1,0,0,0,0,0,0,1,1,HIGH
1,0,1,1,1,1,1,1,0,0,109,3,17,10,200,1,0,0,0,0,1,0,0,0,0,1,0,0,0,0,0,0,0,CRITICAL
1,1,1,1,0,1,1,1,4,0,37,2,12,7,200,0,0,0,0,0,0,0,0,0,0,0,0,0,0,0,0,0,1,LOW
1,1,1,1,1,1,1,1,4,0,149,1,15,8,301,0,0,0,0,0,0,0,0,0,0,0,0,1,0,1,0,0,0,SAFE
1,1,1,0,1,1,1,1,1,0,120,1,1,0,200,1,0,0,0,0,0,0,0,0,0,0,0,0,0,0,0,0,0,CRITICAL
1,1,1,1,1,1,1,1,4,2,87,4,0,10,200,1,0,0,0,0,0,0,0,0,0,0,0,0,1,0,0,1,1,CRITICAL
1,1,1,1,1,1,1,0,0,0,27,3,15,3,302,0,0,0,0,0,0,1,0,0,1,0,0,0,0,0,0,0,1,HIGH
1,1,1,1,1,1,1,1,3,0,52,4,21,2,302,1,0,0,0,0,1,0,0,0,0,0,0,0,0,0,1,0,0,CRITICAL
1,1,1,1,1,1,1,1,4,0,41,1,14,10,301,0,0,0,0,0,0,0,0,0,0,0,0,0,0,0,0,0,1,SAFE
1,1,1,1,1,1,1,1,3,0,33,2,0,4,301,0,0,0,0,0,0,0,0,0,0,0,0,0,1,1,1,0,0,SAFE
1,1,1,1,1,1,1,1,2,0,59,1,14,4,302,1,1,0,0,0,0,0,0,0,0,0,0,0,0,0,0,0,0,CRITICAL
1,0,0,1,0,1,1,1,1,0,103,4,23,4,200,0,0,0,0,0,0,0,1,0,0,1,0,0,0,0,0,0,1,MEDIUM
1,1,1,1,1,1,1,0,2,0,149,3,19,4,200,0,0,0,0,0,0,0,0,0,1,0,0,0,0,0,0,0,0,LOW
1,1,1,1,1,0,1,0,2,1,118,3,23,0,301,0,0,0,0,0,0,0,1,0,1,0,0,0,0,0,0,1,0,MEDIUM
0,0,0,1,1,1,1,1,0,0,134,1,0,8,301,1,1,0,0,0,0,0,0,0,0,1,0,0,0,0,0,0,0,CRITICAL
1,1,0,0,1,1,1,1,1,0,148,1,4,8,302,0,0,0,0,0,0,0,1,0,0,0,0,0,1,0,0,0,0,MEDIUM
1,0,0,1,0,1,1,0,0,0,28,4,10,5,200,0,0,0,0,0,0,0,0,0,1,1,0,0,0,0,0,0,0,MEDIUM
1,1,1,1,1,1,1,1,4,1,148,3,23,10,301,0,0,0,0,0,0,0,0,0,0,0,0,0,0,0,0,1,1,SAFE
0,1,0,1,1,0,1,0,2,1,138,4,28,2,500,0,0,1,0,0,0,0,0,0,1,0,0,0,0,0,0,1,0,HIGH
1,1,1,1,1,1,1,1,1,0,114,1,1,3,200,0,0,0,0,0,0,0,0,0,0,0,0,1,0,1,0,0,0,SAFE
1,0,0,1,1,1,0,0,3,1,128,1,7,5,200,0,0,0,0,0,0,0,0,0,1,1,0,0,0,0,0,1,0,MEDIUM
1,1,1,1,1,1,1,1,0,0,72,2,9,3,302,0,1,0,0,0,0,0,0,0,0,0,0,0,0,0,0,0,0,HIGH
1,1,1,0,1,1,1,1,4,0,42,3,5,1,200,1,0,0,0,0,0,0,0,0,0,0,0,0,0,0,0,0,1,CRITICAL
1,1,1,1,0,1,1,1,0,0,20,1,12,2,200,0,1,0,0,0,0,0,0,0,0,0,0,0,0,0,0,0,1,HIGH
0,1,0,1,1,0,0,1,1,0,125,4,2,3,200,0,0,0,0,0,0,0,0,0,1,0,0,0,0,0,1,0,0,HIGH
1,1,1,1,1,1,1,1,1,0,116,1,25,3,200,1,1,0,0,0,0,0,0,0,0,0,0,0,0,0,0,0,0,CRITICAL
1,1,1,1,1,1,1,1,1,0,92,4,13,8,301,0,0,0,0,0,0,0,0,0,0,1,0,0,0,1,0,0,0,LOW
1,1,1,1,1,1,1,1,1,0,72,1,25,3,200,1,0,0,0,0,0,0,0,0,0,0,0,0,1,0,0,0,1,CRITICAL
0,1,0,1,1,0,1,1,0,0,126,1,19,8,301,1,0,0,0,0,1,0,0,0,1,0,0,0,0,0,0,0,1,CRITICAL
1,1,1,1,1,1,1,1,2,0,139,1,12,10,301,0,0,0,5,0,0,0,0,0,0,0,0,0,0,0,0,0,1,HIGH
1,1,1,1,1,1,1,1,3,0,27,0,27,5,200,0,0,0,0,0,0,0,0,0,0,0,0,0,0,0,0,0,0,SAFE
1,1,0,0,0,1,1,1,1,0,80,3,16,7,301,0,0,0,0,0,0,0,1,0,0,0,0,0,0,0,0,0,0,MEDIUM
1,1,0,1,1,1,1,1,4,2,58,3,5,4,200,0,0,0,0,0,0,0,0,0,0,0,0,0,0,1,0,1,1,LOW
1,0,0,1,1,1,0,0,2,1,128,2,11,8,200,0,0,0,0,0,0,0,0,0,1,1,0,0,0,0,0,1,1,MEDIUM
1,1,1,1,1,1,1,0,0,0,87,3,26,4,200,0,0,0,0,0,0,0,0,0,1,0,0,0,0,0,0,0,0,LOW
1,1,0,1,1,1,1,1,1,1,135,0,17,4,200,0,0,0,0,2,0,0,0,0,0,0,0,0,0,0,0,1,0,HIGH
1,1,1,1,1,1,1,1,1,0,96,1,28,6,200,1,0,0,0,0,0,0,0,0,0,0,0,0,1,0,0,0,1,CRITICAL
1,1,0,0,0,1,1,1,4,1,74,2,8,8,302,0,0,0,0,0,0,0,1,0,0,0,0,0,0,0,0,1,0,MEDIUM
1,1,0,1,1,1,0,0,4,0,54,1,15,4,301,0,0,0,0,0,0,0,0,0,1,0,0,0,0,0,0,0,1,MEDIUM
0,1,0,1,1,0,1,1,2,0,77,0,28,10,200,0,0,0,0,0,0,0,0,1,1,0,0,0,0,0,1,0,1,HIGH
1,1,1,1,1,1,1,0,0,0,149,1,24,3,200,0,0,0,0,0,0,0,0,0,1,0,0,0,1,0,0,0,0,LOW
1,1,1,1,1,1,1,1,1,0,49,0,9,10,200,0,0,0,0,0,0,0,0,0,0,0,0,0,0,0,0,0,1,SAFE
1,1,1,1,1,1,1,1,2,0,113,3,12,1,200,0,0,0,0,0,0,0,0,0,0,0,0,0,0,0,0,0,0,SAFE
1,1,1,1,1,1,1,1,1,0,70,2,4,7,301,0,0,0,0,0,0,0,0,0,0,0,0,0,0,0,0,0,0,SAFE
1,1,1,0,1,1,1,0,2,0,47,4,9,6,200,0,0,0,0,0,0,0,1,0,1,0,0,0,0,0,0,0,1,MEDIUM
1,1,1,1,1,1,1,1,1,0,90,1,10,8,200,1,0,0,0,0,1,0,0,0,0,0,0,0,1,0,0,0,0,CRITICAL
1,1,1,1,0,1,1,1,0,0,58,1,10,2,302,0,1,0,0,0,0,0,0,0,0,0,0,0,0,0,0,0,1,HIGH
1,1,1,1,1,1,1,1,2,2,44,3,26,6,302,0,0,0,0,0,0,0,0,0,0,1,0,1,0,0,0,1,0,LOW
1,1,0,1,1,1,1,1,3,2,18,1,15,2,301,0,0,0,0,0,0,0,0,0,0,0,0,0,0,0,0,1,0,LOW
1,1,0,0,1,0,1,1,3,0,128,4,3,5,200,0,0,0,0,0,0,0,0,0,1,0,0,0,0,0,0,0,0,MEDIUM
1,1,0,1,0,0,1,1,0,0,138,1,6,8,200,0,0,0,0,0,0,0,0,0,1,0,0,0,0,0,0,0,0,MEDIUM
1,1,1,1,1,1,1,1,0,0,42,2,19,9,301,0,0,0,0,0,0,0,0,0,0,0,0,0,0,0,0,0,1,SAFE
1,1,1,1,1,1,1,1,2,1,22,1,9,8,200,0,0,0,0,0,0,0,0,0,0,0,0,0,0,0,0,1,0,SAFE
1,1,1,1,1,1,1,1,4,0,42,0,17,1,200,0,0,0,0,0,0,0,0,0,0,0,0,0,0,0,1,0,0,SAFE
0,1,0,1,1,0,1,1,0,0,102,3,4,7,200,1,0,0,0,0,1,0,0,0,1,0,0,0,0,0,0,0,1,CRITICAL
1,1,1,1,1,1,1,1,2,0,98,1,28,6,200,0,0,0,0,0,0,0,0,0,0,0,0,0,0,0,1,0,1,SAFE
0,1,0,1,1,0,1,0,1,0,18,4,13,0,200,0,0,0,0,0,0,0,0,0,1,0,0,0,0,0,1,0,0,HIGH
1,1,1,1,1,1,0,0,4,1,60,0,7,0,200,0,0,0,0,0,0,0,0,0,1,0,0,0,0,0,0,1,1,MEDIUM
1,1,1,1,0,0,1,0,1,0,99,1,8,9,301,0,0,0,0,0,0,0,1,0,1,0,0,0,0,0,0,0,0,MEDIUM
1,1,1,1,1,1,1,1,3,0,127,1,18,6,200,0,0,0,0,0,0,0,0,0,0,1,0,0,0,0,1,0,0,LOW
1,1,0,1,0,0,0,1,1,0,56,1,24,1,302,0,0,0,5,0,0,0,0,0,1,0,0,0,0,0,0,0,0,HIGH
0,1,0,1,1,1,1,1,4,0,146,4,21,5,200,1,0,0,0,0,0,0,0,0,0,0,0,0,0,0,0,0,1,CRITICAL
1,1,1,1,1,1,0,1,3,0,84,1,15,6,200,1,0,0,0,0,0,0,0,0,1,0,0,0,0,0,0,0,0,CRITICAL
1,1,1,1,1,1,1,1,3,0,60,1,12,10,302,1,0,0,0,0,0,0,0,0,0,0,0,0,0,0,0,0,0,CRITICAL
1,1,0,1,1,0,1,0,1,0,127,2,25,1,200,0,0,0,0,0,0,0,1,0,1,0,0,0,0,0,0,0,0,MEDIUM
1,1,1,0,1,1,1,1,3,1,33,4,1,9,500,0,0,1,0,0,0,0,0,0,0,0,0,0,0,0,0,1,0,HIGH
1,1,1,1,1,1,1,1,1,1,65,2,17,6,200,0,0,0,0,0,1,0,0,0,0,0,0,0,0,0,1,1,0,HIGH
0,1,0,0,1,0,1,1,4,0,69,2,27,2,200,1,0,0,0,0,1,0,0,0,1,0,0,0,0,1,0,0,1,CRITICAL
0,1,0,1,1,1,1,1,0,0,78,0,18,3,200,0,0,0,0,0,0,0,0,0,0,0,0,0,0,0,0,0,0,HIGH
1,1,1,1,1,1,1,1,3,0,46,4,12,6,200,1,0,0,0,0,0,0,0,0,0,0,0,0,0,0,0,0,0,CRITICAL
0,1,0,1,0,0,1,1,3,0,49,0,15,7,200,0,0,0,0,0,0,0,0,0,1,0,0,0,0,1,0,0,0,HIGH
1,1,0,1,1,1,1,1,3,1,72,1,12,9,200,0,0,0,0,0,0,0,0,0,0,0,0,0,0,0,0,1,1,LOW
1,1,1,1,1,1,1,1,1,0,136,3,15,3,200,1,1,0,0,0,0,0,0,0,0,0,0,0,0,0,0,0,0,CRITICAL
1,1,1,1,1,1,1,1,2,1,37,0,27,9,302,0,0,0,0,0,0,1,0,0,0,0,0,0,0,0,1,1,0,HIGH
1,1,1,0,1,1,0,1,2,0,26,2,0,4,500,0,0,1,0,0,0,0,0,0,1,0,0,0,0,0,0,0,0,HIGH
1,1,1,0,1,1,1,1,1,0,110,3,4,7,200,1,0,0,0,0,1,0,0,0,0,0,0,0,0,0,0,0,0,CRITICAL
1,1,1,1,1,1,0,1,4,0,41,3,19,2,200,0,0,0,0,2,0,0,0,0,1,0,0,0,0,0,0,0,0,HIGH
1,1,1,0,1,1,1,1,0,0,77,1,21,6,200,1,0,0,0,0,0,0,0,0,0,0,0,0,0,0,0,0,0,CRITICAL
0,1,0,1,1,0,1,1,3,0,25,0,4,5,301,0,0,0,0,0,0,0,0,0,1,0,0,0,0,0,0,0,1,HIGH
1,1,1,1,1,1,1,0,3,0,35,1,18,4,301,0,0,0,0,0,0,0,0,0,1,0,0,0,0,0,1,0,1,LOW
1,1,1,1,1,1,1,1,1,0,96,0,13,8,200,0,0,0,0,0,0,0,0,0,0,0,0,0,0,0,0,0,0,SAFE
0,1,0,1,1,0,1,0,4,0,50,0,14,7,200,0,0,0,0,0,0,0,0,1,1,0,0,0,0,0,1,0,0,HIGH
1,1,1,1,1,1,0,0,1,0,150,4,5,6,200,0,0,0,0,0,0,0,1,0,1,0,0,0,0,0,0,0,1,MEDIUM
1,0,0,1,1,1,0,1,4,0,104,2,6,2,200,0,0,0,0,0,0,0,0,0,1,1,0,1,0,1,0,0,0,MEDIUM
1,1,1,1,0,1,1,1,1,1,102,0,22,7,200,0,0,0,0,0,0,0,0,0,0,0,0,0,0,0,0,1,0,LOW
1,1,1,1,1,1,1,1,2,0,74,4,16,7,302,0,0,0,0,3,0,0,0,0,0,0,0,0,0,0,0,0,0,HIGH
1,1,1,1,1,1,1,1,3,0,141,4,17,6,200,1,0,0,0,0,0,0,0,0,0,0,0,0,0,0,0,0,0,CRITICAL
1,1,1,1,1,1,1,0,3,1,89,1,12,3,200,0,0,0,0,0,0,0,0,0,1,0,0,0,0,0,1,1,0,LOW
1,1,1,1,0,1,1,1,2,0,87,1,15,0,200,0,0,0,0,0,0,0,0,0,0,0,0,0,0,0,1,0,0,LOW
1,1,1,1,1,1,1,1,4,0,71,3,24,6,302,1,0,0,0,0,1,0,0,0,0,0,0,0,0,0,0,0,0,CRITICAL
1,0,1,1,0,0,1,1,3,2,80,3,7,1,200,0,0,0,0,0,0,0,0,0,1,1,0,0,0,0,0,1,0,MEDIUM
1,1,1,1,1,1,1,1,2,0,113,3,11,4,301,1,0,0,0,0,0,0,0,0,0,0,0,0,0,0,0,0,0,CRITICAL
1,1,1,1,1,1,1,1,2,1,38,1,4,0,200,0,0,0,0,0,0,0,0,0,0,0,0,0,0,0,0,1,1,SAFE
1,1,0,1,1,1,1,1,4,0,23,3,8,6,302,0,0,0,0,0,0,0,0,0,0,0,0,0,0,0,0,0,0,LOW
1,1,0,0,1,1,0,1,2,0,22,0,21,0,301,0,0,0,0,0,0,0,0,0,1,0,0,0,0,0,0,0,1,MEDIUM
1,1,1,1,1,1,0,1,4,0,109,2,21,2,302,1,0,0,0,0,0,0,0,0,1,0,0,0,0,1,0,0,0,CRITICAL
1,1,0,1,1,1,1,1,2,0,72,2,19,10,200,0,0,0,0,0,0,0,0,0,0,0,0,0,1,0,0,0,0,LOW
1,0,0,1,1,1,0,0,2,0,74,1,15,1,302,0,0,0,0,0,0,0,0,0,1,1,0,0,0,0,0,0,0,MEDIUM
1,1,1,1,1,1,1,0,0,0,145,2,12,9,302,0,0,0,0,0,0,0,0,0,1,0,0,0,0,0,0,0,0,LOW
1,1,1,1,0,1,1,1,0,0,58,0,3,9,500,0,0,1,0,0,0,0,0,0,0,0,0,0,0,0,0,0,0,HIGH
0,0,0,1,1,0,1,1,3,0,125,1,15,2,200,1,0,0,0,0,1,0,0,0,1,1,0,0,1,0,0,0,0,CRITICAL
0,1,0,1,1,0,1,1,2,0,85,2,4,7,200,1,0,0,0,0,1,0,0,0,1,0,0,0,0,0,0,0,1,CRITICAL
1,1,0,1,1,1,1,1,1,0,42,1,20,6,200,0,0,0,0,0,0,0,0,0,0,0,0,0,0,1,0,0,0,LOW
1,0,1,1,0,1,1,1,3,0,78,2,7,3,301,0,0,0,0,0,0,0,0,0,0,1,0,0,0,0,0,0,1,MEDIUM
1,1,1,1,1,1,1,1,4,2,144,3,8,3,200,0,0,0,0,0,0,0,0,0,0,1,0,0,0,0,0,1,0,LOW
1,1,0,1,1,0,1,1,2,0,20,1,18,8,200,0,0,0,0,0,0,0,1,0,1,0,0,0,0,0,0,0,0,MEDIUM
1,1,1,1,1,1,1,1,3,0,136,2,13,2,200,0,0,0,0,0,0,0,0,0,0,0,0,0,0,0,0,0,1,SAFE
1,1,1,1,0,1,1,1,4,0,125,3,11,3,302,0,0,0,0,0,0,0,0,0,0,0,0,0,0,0,0,0,0,LOW
1,1,1,1,1,1,1,1,3,1,149,2,24,3,200,0,0,0,0,0,0,0,0,0,0,0,0,0,1,0,0,1,0,SAFE
1,1,1,1,1,1,1,1,3,2,148,0,15,3,200,0,0,0,0,0,0,0,0,0,0,0,0,0,0,0,0,1,0,SAFE
0,1,0,1,1,0,1,0,1,1,107,1,25,9,200,1,0,0,0,0,0,0,0,0,1,0,0,0,0,1,0,1,1,CRITICAL
1,0,1,1,0,1,0,1,2,0,92,0,3,3,200,0,0,0,0,0,0,0,0,0,1,1,0,0,0,1,0,0,0,MEDIUM
1,1,1,1,0,1,1,1,0,0,50,1,26,3,200,0,0,0,0,0,0,0,0,0,0,0,0,0,0,0,0,0,1,LOW
1,1,1,1,1,1,1,0,2,0,134,2,16,7,200,1,0,0,0,0,0,0,0,0,1,0,0,0,0,0,0,0,0,CRITICAL
1,1,1,1,0,1,1,1,0,0,141,1,27,0,200,0,0,0,0,0,0,0,0,0,0,0,0,0,0,0,0,0,0,LOW
1,1,1,1,1,1,1,1,3,1,59,1,19,0,200,0,0,0,0,0,0,0,0,0,0,0,0,0,0,0,0,1,0,SAFE
1,1,1,1,1,1,1,1,4,0,113,3,9,10,301,0,0,0,0,0,0,0,0,0,0,0,0,0,0,1,1,0,0,SAFE
1,0,1,1,1,1,0,1,2,1,41,2,21,9,200,0,0,0,0,1,0,0,0,0,1,1,0,0,0,0,0,1,0,HIGH
1,1,1,1,1,1,1,0,0,0,110,4,14,5,200,1,0,0,0,0,0,0,0,0,1,0,0,0,0,0,0,0,1,CRITICAL
1,1,1,1,1,1,1,1,0,0,94,3,25,7,302,0,0,0,1,0,0,0,0,0,0,0,0,0,0,0,0,0,1,HIGH
1,1,1,1,1,1,1,1,0,0,30,0,3,6,302,0,0,0,0,3,0,0,0,0,0,0,0,0,1,0,0,0,0,HIGH
0,1,0,1,1,1,1,0,4,0,25,2,1,10,200,0,0,0,0,2,0,0,0,0,1,0,0,0,0,0,0,0,0,HIGH
1,1,1,1,1,1,1,1,0,0,84,2,10,9,200,0,0,0,0,0,0,0,0,0,0,1,0,0,0,0,0,0,1,LOW
0,1,0,1,0,0,1,1,3,0,24,0,19,2,200,0,0,0,0,0,0,0,0,0,1,0,0,1,0,0,0,0,1,HIGH
1,1,0,1,1,1,1,1,3,0,104,3,3,1,200,0,0,0,0,0,0,0,0,0,0,0,0,0,0,0,0,0,0,LOW
1,1,1,1,0,1,1,1,4,0,121,1,17,2,200,0,0,0,0,2,0,0,0,0,0,0,0,0,0,0,0,0,0,HIGH
1,1,0,0,0,0,1,1,1,0,91,2,1,0,200,0,0,0,0,0,0,0,0,0,1,0,0,0,0,1,0,0,0,MEDIUM
0,1,0,1,1,1,1,1,0,0,148,1,27,1,200,1,0,0,0,0,1,0,0,0,0,0,0,0,0,0,0,0,0,CRITICAL
1,1,1,1,1,0,0,1,0,0,114,0,20,0,200,0,0,0,0,0,0,0,0,0,1,0,0,0,0,0,0,0,0,MEDIUM
1,1,1,1,0,1,1,1,0,0,18,1,10,4,200,1,0,0,0,0,0,0,0,0,0,0,0,0,1,0,0,0,1,CRITICAL
1,1,1,1,1,1,1,1,2,0,121,1,17,10,200,0,0,0,0,0,0,0,0,0,0,0,0,0,0,0,0,0,0,SAFE
0,1,0,1,1,0,1,1,2,0,47,4,8,8,200,0,0,0,0,0,0,1,0,0,1,0,0,0,0,0,0,0,0,HIGH
1,1,1,1,0,1,1,1,4,0,65,4,8,10,200,0,0,0,0,0,0,0,0,0,0,0,0,0,0,0,0,0,0,LOW
1,1,1,1,1,1,1,0,0,0,72,3,4,0,200,0,0,0,0,0,0,0,0,0,1,0,0,0,0,0,0,0,0,LOW
1,1,1,1,1,1,1,1,1,0,45,4,23,9,302,0,0,0,0,0,0,0,0,0,0,1,0,0,0,0,0,0,1,LOW
1,1,1,1,1,1,1,1,1,0,47,2,12,7,302,0,0,0,0,0,0,0,0,0,0,0,0,0,0,0,0,0,0,SAFE
1,1,0,0,1,1,1,1,3,0,126,2,25,1,200,0,0,0,0,0,0,0,0,0,0,0,0,0,0,0,0,0,0,MEDIUM
1,1,1,1,0,1,1,1,4,0,127,3,11,10,200,0,0,0,0,0,0,0,1,0,0,0,0,0,0,0,0,0,0,MEDIUM
1,0,1,1,1,1,1,1,0,0,74,1,24,9,200,1,0,0,0,0,0,0,0,0,0,1,0,0,0,0,0,0,0,CRITICAL
1,0,1,1,1,0,1,1,1,0,97,0,4,5,302,0,0,0,0,0,0,0,1,0,1,1,0,0,0,0,0,0,1,MEDIUM
1,1,1,1,1,1,1,1,2,0,47,0,12,9,200,0,0,0,0,0,0,0,0,0,0,0,0,0,0,1,0,0,0,SAFE
1,1,1,1,0,1,1,1,2,0,24,1,9,3,200,1,1,0,0,0,1,0,0,0,0,0,0,0,1,0,0,0,0,CRITICAL
1,0,1,1,1,1,1,1,3,0,103,1,9,6,301,0,0,0,0,0,1,0,0,0,0,1,0,0,0,0,0,0,0,HIGH
1,1,1,1,1,1,1,1,1,0,90,2,28,8,302,0,0,0,0,0,0,0,0,0,0,1,0,1,0,0,0,0,0,LOW
1,1,1,1,0,0,1,1,4,0,122,3,6,4,301,0,0,0,0,0,0,0,0,0,1,0,0,0,0,0,0,0,0,MEDIUM
1,1,1,1,1,1,1,1,3,0,65,2,17,4,301,0,0,0,0,0,0,0,0,0,0,0,0,0,0,0,0,0,1,SAFE
1,1,1,1,1,1,1,1,2,1,101,0,23,9,200,0,0,0,0,0,0,0,0,0,0,0,0,0,0,1,0,1,0,SAFE
1,1,1,1,1,1,1,1,3,0,18,2,10,2,200,0,0,0,0,0,0,0,0,0,0,0,0,0,1,0,0,0,1,SAFE
1,1,1,1,0,1,1,1,1,1,125,4,12,8,302,1,0,0,0,0,0,0,0,0,0,0,0,0,0,0,0,1,1,CRITICAL
1,1,1,0,1,1,1,1,2,1,112,4,19,3,200,1,1,0,0,0,1,0,0,0,0,0,0,0,0,0,0,1,0,CRITICAL
1,1,0,1,1,1,1,1,4,0,88,2,11,7,301,0,0,0,0,0,0,0,0,0,0,0,0,0,0,0,0,0,0,LOW
1,0,1,1,1,1,1,1,3,0,47,1,27,4,302,0,0,0,0,0,0,1,0,0,0,1,0,0,0,1,0,0,1,HIGH
1,1,1,1,0,1,1,1,0,0,118,2,23,8,200,0,0,0,0,0,0,0,0,0,0,0,0,0,0,0,0,0,0,LOW
1,1,1,1,1,1,1,1,3,0,74,3,28,2,200,0,0,0,0,0,0,0,0,0,0,0,0,0,0,1,0,0,1,SAFE
1,1,1,1,1,1,1,1,0,0,57,2,4,10,200,0,0,0,0,0,0,0,0,0,0,0,0,0,0,0,0,0,0,SAFE
1,1,1,1,1,1,1,1,4,0,122,4,25,3,301,0,0,0,0,0,0,0,0,0,0,1,0,0,0,0,0,0,0,LOW
0,1,0,0,1,0,1,1,0,0,23,1,4,5,302,1,0,0,0,0,1,0,0,0,1,0,0,0,0,0,0,0,0,CRITICAL
0,0,0,1,1,0,1,1,2,0,104,3,4,6,200,0,0,0,0,0,0,0,0,0,1,1,0,0,0,0,0,0,1,HIGH
1,1,1,1,1,1,1,1,0,0,112,3,23,3,301,0,0,0,0,0,0,0,0,0,0,0,0,0,0,0,0,0,0,SAFE
1,1,1,1,1,1,1,1,1,0,92,2,21,6,200,0,0,0,0,0,0,0,0,0,0,0,0,1,0,0,0,0,0,SAFE
1,1,0,1,1,1,1,1,4,1,122,4,21,7,200,0,0,0,0,0,0,0,0,0,0,0,0,0,0,0,0,1,0,LOW
1,1,1,0,0,1,1,1,1,0,55,2,28,1,200,0,0,0,0,0,0,0,1,0,0,0,0,0,0,1,0,0,0,MEDIUM
1,1,1,1,1,1,1,1,3,2,145,1,13,0,200,0,0,0,0,0,0,0,0,0,0,1,0,0,0,0,0,1,1,LOW
1,1,1,1,1,1,1,1,1,0,67,1,21,10,200,0,0,0,0,0,0,0,0,0,0,1,0,0,1,0,0,0,0,LOW
1,1,1,1,1,1,1,1,1,0,76,4,3,10,301,0,0,0,0,0,0,0,0,0,0,0,0,0,0,0,0,0,1,SAFE
1,1,1,1,1,1,0,1,1,0,70,4,14,1,301,0,0,0,0,0,0,0,0,1,1,0,0,0,0,0,1,0,1,HIGH
1,1,1,1,1,1,1,1,1,0,129,2,18,2,200,0,0,0,0,0,0,0,0,0,0,0,0,0,0,0,0,0,0,SAFE
1,1,1,1,1,1,1,0,3,0,75,0,5,5,200,0,0,0,0,0,0,0,0,0,1,0,0,0,0,0,0,0,0,LOW
1,0,1,0,1,0,1,0,4,2,62,1,25,9,200,0,0,0,0,0,0,0,0,0,1,1,0,0,0,0,0,1,0,MEDIUM
0,1,0,1,1,0,1,1,2,0,127,4,4,9,200,0,0,0,0,0,0,0,0,0,1,0,0,0,0,0,0,0,0,HIGH
1,0,1,1,1,1,1,1,1,0,130,2,5,1,200,0,1,0,0,0,1,0,0,0,0,1,0,0,0,1,0,0,0,HIGH
1,0,0,1,0,0,1,1,0,0,34,2,12,7,200,0,0,0,0,0,0,0,0,0,1,1,0,0,0,0,0,0,0,MEDIUM
0,1,0,0,1,0,1,1,3,0,126,2,6,1,200,1,0,0,0,0,0,0,0,0,1,0,0,0,0,0,0,0,0,CRITICAL
1,1,1,1,0,1,0,1,4,0,136,4,24,10,200,0,1,0,0,0,0,0,0,0,1,0,0,0,0,0,0,0,0,HIGH
1,0,1,1,0,1,1,1,4,2,58,0,16,7,302,0,0,0,0,0,0,0,0,0,0,1,0,0,1,0,0,1,0,MEDIUM
1,1,0,0,0,1,1,1,4,0,56,3,12,1,200,0,0,0,0,0,0,0,0,0,0,0,0,0,0,0,0,0,0,MEDIUM
0,1,0,1,1,0,1,1,0,0,146,4,5,7,301,1,1,0,0,0,1,0,0,0,1,0,0,0,0,0,0,0,0,CRITICAL
1,1,1,1,0,1,1,1,2,0,125,2,5,3,200,1,0,0,0,0,0,0,0,0,0,0,0,0,0,0,0,0,0,CRITICAL
1,1,1,1,0,1,1,1,4,0,33,0,16,7,200,0,0,0,0,0,0,0,0,0,0,0,0,0,0,0,0,0,0,LOW
1,0,1,1,1,1,1,1,3,0,94,0,8,6,200,0,0,0,0,0,0,0,1,0,0,1,0,0,0,0,0,0,1,MEDIUM
1,0,1,1,0,1,0,0,3,0,138,0,9,0,200,0,0,0,0,0,0,0,0,0,1,1,0,0,0,0,0,0,0,MEDIUM
1,0,1,1,1,1,1,1,1,0,147,2,14,0,200,0,0,0,0,0,0,0,1,0,0,1,0,0,0,0,0,0,0,MEDIUM
0,1,0,1,1,0,1,1,1,0,134,3,21,7,302,0,0,0,0,0,0,0,0,0,1,0,0,0,0,0,0,0,0,HIGH
1,1,1,0,1,1,0,1,4,0,45,3,27,1,500,0,0,1,0,0,0,0,0,0,1,0,0,0,0,0,0,0,0,HIGH
1,1,1,1,1,1,1,1,0,0,41,2,26,8,301,0,0,0,0,0,1,0,0,0,0,0,0,0,0,0,0,0,0,HIGH
1,1,0,1,1,1,1,1,0,0,53,3,14,7,301,0,0,0,0,0,0,0,0,0,0,0,0,0,0,0,0,0,0,LOW
0,1,0,1,1,0,1,1,4,0,83,3,27,10,302,1,0,0,0,0,0,0,0,0,1,0,0,1,0,0,0,0,1,CRITICAL
1,1,1,1,1,1,1,0,1,0,117,4,13,2,200,0,0,0,0,0,0,0,0,0,1,0,0,0,0,1,0,0,1,LOW
1,1,1,1,1,1,1,1,3,0,140,0,7,1,302,0,0,0,0,0,0,0,0,0,0,1,0,0,0,1,0,0,0,LOW
1,1,1,1,0,1,0,0,2,0,82,0,16,5,302,0,0,0,0,0,0,0,0,0,1,0,0,0,0,0,1,0,0,MEDIUM
1,1,1,1,1,0,0,1,2,0,27,2,22,4,302,0,0,0,0,0,0,0,0,0,1,0,0,0,0,0,0,0,0,MEDIUM
0,1,0,1,1,0,1,0,3,0,56,1,19,8,302,1,0,0,0,0,0,0,0,0,1,0,0,0,0,0,0,0,0,CRITICAL
1,1,1,1,1,1,1,1,2,1,124,4,19,5,200,0,0,0,0,0,0,0,0,0,0,0,0,0,0,0,1,1,0,SAFE
1,1,1,1,0,1,1,1,2,0,148,4,3,8,301,0,0,0,0,0,0,0,0,0,0,0,0,0,0,0,0,0,0,LOW
1,1,1,1,1,1,0,1,4,0,105,2,19,8,200,1,0,0,0,0,0,0,0,0,1,0,0,0,0,0,0,0,0,CRITICAL
1,1,0,1,0,1,1,1,4,0,121,3,20,8,200,0,0,0,0,0,0,0,0,0,0,0,0,0,0,0,0,0,1,MEDIUM
1,1,1,1,1,1,1,1,2,0,59,1,5,8,200,1,0,0,0,0,1,0,0,0,0,0,0,0,0,0,0,0,1,CRITICAL
1,1,1,1,1,1,1,1,1,0,109,3,8,7,200,0,0,0,0,0,0,0,0,0,0,0,0,0,0,0,0,0,0,SAFE
1,1,1,1,1,1,1,1,0,0,119,1,28,1,200,0,0,0,0,0,0,0,0,0,0,0,0,0,0,0,0,0,0,SAFE
1,1,1,1,1,1,1,0,1,0,82,2,11,2,302,0,0,0,0,0,0,0,1,0,1,0,0,0,1,0,0,0,0,MEDIUM
1,1,1,1,1,1,1,1,1,0,78,3,24,8,301,0,0,0,0,0,0,0,0,0,0,1,0,0,0,0,0,0,1,LOW
1,1,1,1,1,1,1,1,3,1,102,1,12,5,200,0,0,0,0,0,1,0,0,1,0,0,0,0,0,0,1,1,0,HIGH
1,1,1,1,1,1,1,1,4,1,23,0,13,3,301,0,0,0,0,0,0,0,0,0,0,0,0,0,0,0,0,1,0,SAFE
1,1,1,1,1,1,1,1,1,0,107,1,24,5,200,0,0,0,0,0,1,0,0,0,0,0,0,0,0,0,1,0,0,HIGH
1,1,0,1,1,1,1,1,4,0,33,2,18,5,302,0,0,0,0,0,0,0,0,0,0,0,0,0,0,0,0,0,1,LOW
0,1,0,1,1,0,0,1,3,0,23,1,12,4,200,1,1,0,0,0,1,0,0,0,1,0,0,0,0,0,0,0,0,CRITICAL
1,1,1,1,1,1,1,1,3,0,47,3,20,5,200,1,0,0,0,0,0,0,0,0,0,0,0,0,0,0,0,0,0,CRITICAL
0,0,0,1,1,0,1,1,2,0,148,1,28,3,301,0,0,0,0,0,0,0,0,0,1,1,0,0,0,0,0,0,1,HIGH
1,1,0,1,0,1,1,1,1,1,78,2,27,2,301,0,0,0,0,0,0,0,0,0,0,0,0,0,0,0,1,1,0,MEDIUM
1,1,0,1,1,1,1,1,1,0,36,0,0,9,200,0,0,0,0,0,0,0,1,0,0,0,0,0,0,0,0,0,0,MEDIUM
1,1,1,1,0,1,1,1,4,0,116,3,20,2,302,0,0,0,0,0,0,0,0,0,0,0,0,0,0,0,0,0,0,LOW
1,1,1,1,1,1,1,1,1,0,55,4,11,1,200,0,0,0,0,0,0,0,0,0,0,0,0,0,0,0,0,0,0,SAFE
1,1,1,1,1,1,1,1,2,0,88,3,21,10,302,0,0,0,0,0,0,0,0,0,0,0,0,0,0,0,0,0,0,SAFE
1,1,1,1,0,1,1,1,2,0,63,4,10,7,200,0,0,0,0,0,0,0,0,0,0,0,0,0,0,0,0,0,1,LOW
1,1,1,1,1,1,1,1,1,0,89,3,8,0,200,0,0,0,0,0,0,0,0,0,0,1,0,0,0,0,1,0,0,LOW
0,1,0,1,1,0,1,1,4,0,132,4,24,7,200,1,0,0,0,0,0,0,0,0,1,0,0,0,0,0,0,0,0,CRITICAL
1,1,1,1,0,0,1,0,0,0,22,0,22,10,200,0,0,0,0,0,0,0,0,0,1,0,0,0,0,0,0,0,0,MEDIUM
1,1,1,1,1,1,1,1,1,0,59,1,14,1,301,0,0,0,0,0,0,0,0,0,0,0,0,0,0,0,0,0,0,SAFE
1,1,1,1,0,1,1,1,3,0,61,3,16,2,301,0,0,0,0,0,0,0,0,0,0,0,0,0,1,1,0,0,0,LOW
1,1,1,1,1,1,1,1,3,0,122,4,23,6,302,0,0,0,0,0,0,0,0,0,0,0,0,0,0,0,0,0,1,SAFE
1,1,1,1,1,0,1,1,2,0,90,2,22,3,301,0,0,0,0,0,0,0,1,0,1,0,0,0,0,0,0,0,1,MEDIUM
1,1,1,1,0,1,1,1,1,0,84,3,2,10,200,0,0,0,0,0,0,0,0,0,0,0,0,0,0,0,0,0,0,LOW
0,1,0,0,1,1,0,1,4,0,68,0,16,9,301,0,0,0,0,0,0,0,0,0,1,0,0,1,0,1,1,0,0,HIGH
1,1,1,0,0,0,0,1,3,0,84,3,16,4,200,0,0,0,0,0,0,0,0,0,1,0,0,0,0,0,0,0,0,MEDIUM
1,1,1,1,1,1,1,1,0,0,107,0,4,10,200,0,0,0,0,0,0,0,0,0,0,1,0,0,0,0,0,0,0,LOW
1,0,0,1,0,1,1,1,0,0,90,1,12,9,200,0,0,0,0,0,0,0,0,0,0,1,0,0,0,0,0,0,0,MEDIUM
1,1,1,1,1,1,1,0,0,0,87,1,5,8,200,0,0,0,0,0,0,0,0,0,1,0,0,0,1,0,0,0,1,LOW
1,0,1,0,1,1,1,1,1,0,66,2,7,9,200,0,0,0,0,0,0,0,1,0,0,1,0,0,1,0,0,0,0,MEDIUM
0,1,0,1,1,0,1,0,1,0,46,1,18,3,302,1,0,0,0,0,0,0,0,0,1,0,0,0,0,0,0,0,1,CRITICAL
1,1,1,1,1,1,1,0,3,0,131,0,7,5,200,0,0,0,0,0,0,0,0,0,1,0,0,1,0,0,0,0,0,LOW
1,1,1,1,1,1,1,1,0,0,124,0,9,4,200,0,0,0,0,0,0,0,0,0,0,0,0,0,0,0,0,0,0,SAFE
1,1,1,1,1,1,1,1,1,0,90,1,3,8,200,0,0,0,0,0,0,0,0,0,0,0,0,0,0,0,0,0,0,SAFE
1,1,1,1,1,1,1,1,2,0,22,4,14,2,200,0,0,0,0,0,0,0,0,0,0,1,0,0,0,0,0,0,1,LOW
1,1,1,1,1,1,1,1,3,0,114,2,3,5,301,0,0,0,0,0,0,0,0,0,0,0,0,0,0,0,1,0,0,SAFE
1,1,1,1,1,0,1,1,1,0,132,3,21,3,301,0,0,0,1,0,0,0,0,0,1,0,0,0,0,0,0,0,1,HIGH
1,1,1,1,1,1,1,1,4,1,133,4,16,2,200,0,0,0,0,0,0,0,0,0,0,0,0,0,0,0,0,1,0,SAFE
1,1,1,1,1,1,1,1,4,0,141,3,13,9,200,0,0,0,0,0,0,0,0,0,0,0,0,0,0,1,0,0,0,SAFE
1,1,1,1,1,1,1,0,4,2,111,2,28,10,200,1,1,0,0,0,0,0,0,0,1,0,0,0,0,0,0,1,0,CRITICAL
0,1,0,1,0,1,1,1,0,0,20,1,28,7,302,0,0,0,0,0,0,0,0,0,0,0,0,0,0,0,0,0,0,HIGH
1,0,1,1,1,0,1,1,4,0,58,3,14,3,302,0,0,0,0,0,1,0,0,0,1,1,0,0,0,0,0,0,0,HIGH
1,1,1,1,1,1,1,0,4,0,98,1,24,1,200,0,0,0,0,0,0,0,0,0,1,0,0,0,0,0,0,0,0,LOW
1,1,1,1,1,1,1,1,2,2,121,3,21,7,200,0,0,0,0,0,0,0,0,0,0,0,0,0,1,1,0,1,0,SAFE
1,1,1,1,1,1,1,1,0,0,67,3,23,9,301,1,0,0,0,0,0,0,0,0,0,0,0,0,0,0,0,0,0,CRITICAL
1,1,1,1,0,1,1,1,3,0,32,1,0,2,200,0,0,0,0,0,0,0,0,0,0,0,0,0,0,0,0,0,1,LOW
1,1,1,1,0,1,1,1,3,0,104,2,22,1,200,0,0,0,0,0,0,0,0,0,0,0,0,0,0,1,1,0,0,LOW
1,0,1,1,0,0,1,1,3,0,62,0,11,3,200,0,0,0,0,0,0,0,0,0,1,1,0,0,0,0,0,0,0,MEDIUM
1,1,1,1,1,1,1,1,2,0,133,2,4,6,200,0,0,0,0,0,0,0,0,0,0,1,0,0,0,1,0,0,0,LOW
0,1,0,1,0,1,1,0,4,0,141,2,23,9,200,0,0,0,0,0,0,0,0,0,1,0,0,0,1,0,0,0,0,HIGH
1,1,1,0,1,1,0,1,2,0,104,2,16,4,302,0,0,0,0,0,0,0,0,0,1,0,0,0,0,0,1,0,0,MEDIUM
1,1,1,1,1,1,1,1,4,0,28,0,7,5,200,0,0,0,0,0,0,0,0,0,0,1,0,0,0,0,0,0,0,LOW
1,1,1,1,1,1,1,1,1,1,75,4,13,4,200,0,0,0,0,0,0,0,0,0,0,0,0,0,0,0,0,1,0,SAFE
1,1,1,1,0,1,1,1,4,2,126,1,19,3,200,0,0,0,0,0,0,0,0,0,0,0,0,0,0,0,0,1,0,LOW
1,1,1,1,1,1,1,1,3,0,84,0,6,6,200,0,0,0,0,0,0,0,0,0,0,0,0,0,0,0,0,0,0,SAFE
0,1,0,1,0,0,1,1,4,2,25,1,11,6,200,0,0,0,0,0,0,0,0,0,1,0,0,1,0,1,0,1,0,HIGH
1,1,1,1,1,1,1,1,0,0,140,2,24,4,301,0,0,0,0,0,0,0,0,0,0,1,0,0,0,0,0,0,1,LOW
0,0,0,1,1,0,1,1,4,0,145,1,18,9,200,1,1,0,0,0,1,0,0,0,1,1,0,0,0,0,0,0,1,CRITICAL
0,0,0,1,1,0,1,1,2,1,72,4,22,2,200,1,0,0,0,0,0,0,0,0,1,1,0,0,0,0,0,1,1,CRITICAL
1,1,1,1,0,1,1,1,0,0,102,2,3,2,200,0,0,0,0,0,0,0,0,0,0,0,0,0,0,0,0,0,0,LOW
1,1,0,0,1,0,1,1,1,0,139,1,21,5,301,0,0,0,0,0,0,0,1,0,1,0,0,0,1,0,0,0,1,MEDIUM
1,1,1,1,1,1,1,1,4,0,78,1,16,10,200,0,0,0,0,0,0,0,0,0,0,0,0,0,1,1,0,0,0,SAFE
1,1,1,1,1,1,1,1,1,0,114,2,27,1,301,0,0,0,0,0,0,0,0,0,0,1,0,0,0,0,0,0,0,LOW
1,1,1,1,1,1,1,1,3,1,134,1,4,5,200,1,0,0,0,0,1,0,0,0,0,0,0,0,1,0,0,1,0,CRITICAL
0,1,0,0,1,0,1,1,3,0,137,4,16,9,200,0,0,0,0,0,0,0,0,0,1,0,0,0,0,0,0,0,0,HIGH
1,0,1,1,1,1,1,0,1,0,108,4,20,0,200,0,0,0,0,0,0,0,1,0,1,1,0,0,0,0,0,0,0,MEDIUM
1,1,1,1,1,1,1,1,3,1,25,4,5,3,200,0,0,0,0,0,0,0,0,0,0,0,0,0,0,0,0,1,0,SAFE
1,0,1,0,1,1,0,1,1,0,18,2,11,0,302,0,0,0,0,0,0,0,0,0,1,1,0,0,0,0,0,0,0,MEDIUM
1,1,1,1,1,1,1,0,1,0,63,4,20,4,200,0,0,0,0,0,0,0,0,0,1,0,0,0,0,1,1,0,1,LOW
1,1,1,1,1,1,1,1,1,1,43,1,13,5,200,1,0,0,0,0,0,0,0,0,0,0,0,1,0,0,0,1,1,CRITICAL
0,1,0,1,1,0,1,1,2,0,120,4,6,9,200,1,0,0,0,0,1,0,0,0,1,0,0,0,1,1,0,0,0,CRITICAL
1,1,1,1,1,1,1,1,1,0,96,0,8,1,200,0,0,0,0,0,0,0,0,0,0,1,0,0,0,1,0,0,1,LOW
1,1,1,1,0,0,1,0,4,0,19,1,2,6,302,0,0,0,0,0,0,0,1,0,1,0,0,0,0,0,0,0,0,MEDIUM
1,1,1,1,0,1,1,1,2,0,149,2,28,6,301,0,0,0,0,0,0,0,0,0,0,0,0,0,0,1,0,0,1,LOW
1,1,0,0,1,0,1,1,2,2,67,0,16,9,200,0,0,0,0,0,0,0,1,0,1,0,0,0,0,0,0,1,0,MEDIUM
1,1,1,1,1,0,1,1,2,1,53,4,17,10,302,0,0,0,0,0,0,0,0,1,1,0,0,0,0,0,1,1,1,HIGH
1,1,1,1,1,1,1,1,1,1,67,3,28,6,200,1,0,0,0,0,0,0,0,0,0,0,0,0,0,0,0,1,0,CRITICAL
1,1,1,0,1,0,1,1,1,0,68,1,21,0,200,0,0,0,0,0,0,0,0,0,1,0,0,0,0,0,0,0,1,MEDIUM
1,1,0,0,1,0,1,1,1,0,85,4,23,2,200,0,0,0,0,0,0,0,0,0,1,0,0,0,0,0,1,0,0,MEDIUM
1,0,1,0,0,1,1,1,3,0,122,1,2,9,302,0,0,0,0,0,0,0,0,0,0,1,0,0,0,0,0,0,0,MEDIUM
1,1,1,1,1,1,1,1,4,0,136,1,7,8,200,0,0,0,0,0,0,0,0,0,0,0,0,0,0,1,0,0,1,SAFE
0,1,0,1,1,0,1,1,3,0,146,2,26,1,301,1,0,0,0,0,1,0,0,0,1,0,0,0,0,0,0,0,1,CRITICAL
0,1,0,1,1,0,1,1,0,0,51,4,7,7,200,1,1,0,0,0,1,0,0,0,1,0,0,0,0,0,0,0,1,CRITICAL
1,1,1,1,0,1,1,1,3,2,128,0,8,5,200,0,0,0,0,0,0,0,0,0,0,0,0,0,0,0,0,1,0,LOW
1,1,1,1,1,1,1,1,2,0,115,3,2,0,301,1,0,0,0,0,0,0,0,0,0,0,0,0,1,0,1,0,0,CRITICAL
1,1,1,1,0,0,1,0,1,0,43,2,2,6,200,0,0,0,0,0,0,0,1,0,1,0,0,0,0,0,0,0,1,MEDIUM
1,1,1,1,1,1,1,0,0,0,44,0,20,7,200,0,0,0,0,0,0,0,0,0,1,0,0,0,0,0,0,0,1,LOW
1,1,1,1,0,1,1,1,0,0,142,0,24,5,200,0,0,0,0,0,0,0,0,0,0,0,0,0,0,0,0,0,0,LOW
1,1,1,1,1,1,1,1,3,0,113,1,13,5,200,0,0,0,0,0,0,0,0,0,0,0,0,0,0,0,0,0,1,SAFE
1,1,1,1,0,1,1,1,1,0,84,3,8,9,301,0,0,0,0,0,0,0,1,0,0,0,0,0,0,0,0,0,1,MEDIUM
1,0,1,0,1,0,1,0,0,0,66,4,6,9,200,0,0,0,0,0,0,0,0,0,1,1,0,0,0,0,0,0,0,MEDIUM
1,1,1,1,1,1,1,0,0,0,80,4,13,4,301,0,0,0,0,0,0,0,0,0,1,0,0,0,0,0,0,0,0,LOW
0,1,0,1,1,0,1,1,0,0,88,4,0,6,302,0,0,0,0,0,0,0,0,0,1,0,0,0,0,0,0,0,0,HIGH
0,1,0,1,1,0,1,1,4,0,93,4,6,0,200,0,0,0,0,0,0,0,0,0,1,0,0,1,0,0,0,0,1,HIGH
1,1,0,1,1,1,1,1,1,0,33,2,17,2,301,0,0,0,0,0,0,0,0,0,0,0,0,0,0,0,0,0,1,LOW
1,1,1,1,1,1,1,1,4,0,101,1,5,3,200,0,0,0,0,0,0,0,0,0,0,0,0,0,0,0,0,0,0,SAFE
1,1,1,0,1,1,1,1,1,0,54,4,9,8,302,1,0,0,0,0,1,0,0,0,0,0,0,0,0,0,0,0,1,CRITICAL
1,1,1,1,1,1,1,1,2,0,94,2,17,7,301,0,0,0,0,0,0,0,0,0,0,0,0,0,0,0,0,0,0,SAFE
1,1,1,1,0,1,1,1,4,0,99,1,8,6,200,1,1,0,0,0,0,0,0,0,0,0,0,0,0,0,0,0,0,CRITICAL
1,1,1,1,1,1,1,1,4,0,64,1,22,8,200,1,1,0,0,0,1,0,0,0,0,0,0,0,0,0,1,0,1,CRITICAL
1,0,1,1,0,1,0,1,3,0,64,3,8,2,200,0,0,0,0,0,0,0,1,0,1,1,0,0,1,0,0,0,1,MEDIUM
1,1,1,1,1,1,1,1,1,0,43,0,20,3,200,0,0,0,0,0,0,0,0,0,0,0,0,0,0,0,0,0,1,SAFE
1,1,0,1,1,1,1,1,3,0,43,4,5,10,302,0,0,0,0,0,0,0,0,0,0,0,0,0,0,0,0,0,0,LOW
1,1,1,1,1,1,1,1,4,2,74,3,17,7,301,0,0,0,0,0,0,0,0,0,0,0,0,0,0,0,0,1,0,SAFE
1,1,1,1,0,1,1,1,0,0,55,1,8,6,200,0,0,0,0,0,0,0,0,0,0,0,0,0,1,0,0,0,0,LOW
1,1,1,1,0,0,1,0,3,0,65,0,3,10,200,0,0,0,0,0,0,0,1,0,1,0,0,0,0,0,0,0,1,MEDIUM
1,0,1,0,1,1,1,1,1,0,51,0,28,4,200,0,0,0,0,0,0,0,0,0,0,1,0,0,0,0,0,0,0,MEDIUM
1,1,1,1,1,1,1,1,1,0,104,3,15,1,200,0,0,0,0,0,1,0,0,0,0,0,0,0,0,0,0,0,0,HIGH
1,1,0,1,1,0,0,1,1,0,77,1,2,5,301,0,0,0,0,0,0,0,1,0,1,0,0,0,0,0,0,0,0,MEDIUM
0,1,0,1,1,1,1,1,4,0,56,1,26,9,200,1,0,0,0,0,1,0,0,0,0,0,0,0,0,0,0,0,1,CRITICAL
1,1,1,1,0,1,1,1,2,0,111,1,12,9,302,0,0,0,0,0,0,0,0,0,0,0,0,1,0,0,1,0,0,LOW
1,1,1,1,1,1,1,1,3,0,111,1,2,9,200,1,0,0,0,0,0,0,0,0,0,0,0,0,0,0,0,0,0,CRITICAL
1,1,0,1,1,1,1,1,1,1,103,3,16,9,200,0,0,0,0,0,0,0,0,0,0,0,0,0,0,0,0,1,0,LOW
1,1,1,1,1,1,1,1,4,0,100,0,3,2,302,0,0,0,0,0,0,0,0,0,0,1,0,0,0,0,0,0,1,LOW
1,1,1,1,1,1,1,1,3,0,105,2,8,5,302,0,0,0,0,0,0,0,0,0,0,0,0,1,0,0,0,0,0,SAFE
1,1,1,1,1,1,1,1,2,1,70,2,17,1,200,0,0,0,0,0,0,0,0,0,0,0,0,0,0,0,0,1,0,SAFE
1,1,1,1,1,1,1,0,1,1,51,4,19,2,200,0,0,0,0,0,0,1,0,1,1,0,0,1,0,0,1,1,1,HIGH
0,1,0,1,1,1,1,1,3,0,43,1,6,3,302,1,0,0,0,0,0,0,0,0,0,0,0,0,0,0,0,0,0,CRITICAL
1,1,1,1,1,1,1,1,1,0,38,4,25,6,200,0,0,0,0,0,0,0,0,0,0,1,0,1,0,0,0,0,0,LOW
1,1,1,1,1,1,1,1,2,0,63,2,21,4,301,1,0,0,0,0,0,0,0,0,0,0,0,0,0,0,0,0,0,CRITICAL
1,1,1,1,0,1,1,1,3,0,98,0,26,7,301,0,0,0,0,0,0,0,0,0,0,0,0,1,0,0,0,0,0,LOW
1,0,1,0,1,1,0,1,0,0,54,0,6,10,200,0,0,0,0,0,0,0,0,0,1,1,0,0,0,0,0,0,0,MEDIUM
1,1,1,1,0,1,0,0,1,0,138,0,15,4,302,0,0,0,0,0,0,0,0,0,1,0,0,0,0,1,0,0,0,MEDIUM
1,0,0,1,1,1,1,0,4,0,46,0,24,0,200,0,0,0,0,0,0,0,1,0,1,1,0,0,0,1,0,0,1,MEDIUM
0,1,0,1,1,0,1,1,4,0,148,4,18,8,301,0,0,0,0,1,0,0,0,0,1,0,0,0,0,0,0,0,0,HIGH
1,1,1,1,0,1,1,1,1,0,49,3,5,2,200,0,0,0,0,0,0,0,0,0,0,0,0,0,0,0,0,0,0,LOW
1,1,1,1,1,1,1,1,0,0,127,3,9,2,302,0,0,0,0,0,0,0,0,0,0,0,0,0,0,0,0,0,0,SAFE
1,1,0,1,1,1,1,1,0,0,110,0,9,6,200,0,0,0,0,0,0,0,0,0,0,0,0,0,0,0,0,0,0,LOW
1,1,1,1,1,1,1,1,0,0,150,3,17,8,301,0,0,0,0,0,0,0,0,0,0,0,0,0,0,0,0,0,0,SAFE
1,1,1,0,1,1,1,0,2,2,142,4,24,9,200,0,0,0,0,0,0,0,0,0,1,0,0,0,0,0,0,1,0,MEDIUM
1,0,1,1,1,0,1,1,2,0,102,2,18,0,200,0,0,0,0,0,0,0,0,0,1,1,0,0,0,0,0,0,0,MEDIUM
1,1,1,1,1,1,1,1,4,0,115,3,28,4,200,0,0,0,0,0,0,0,0,0,0,0,0,0,0,0,0,0,1,SAFE
1,1,0,1,1,1,1,1,3,1,132,4,1,0,200,0,0,0,0,0,0,0,0,0,0,0,0,0,0,0,0,1,0,LOW
1,1,1,0,0,1,1,1,0,0,126,1,10,4,301,0,0,0,0,0,0,0,0,0,0,0,0,0,0,0,0,0,1,MEDIUM
1,0,1,1,1,1,1,1,2,0,99,2,22,10,302,0,0,0,0,0,0,0,1,0,0,1,0,0,0,0,0,0,0,MEDIUM
1,1,0,1,1,1,1,1,2,0,127,2,27,4,302,0,0,0,0,0,0,0,0,0,0,0,0,0,0,0,0,0,1,LOW
1,1,1,1,1,1,1,1,2,0,148,2,15,7,200,0,0,0,0,0,0,0,0,0,0,0,0,0,1,0,0,0,0,SAFE
1,1,1,1,1,1,1,1,3,0,37,1,20,1,301,0,0,0,0,0,0,0,0,0,0,1,0,0,0,0,1,0,0,LOW
1,1,1,1,1,1,1,1,3,0,28,0,1,7,500,0,0,1,0,0,0,0,0,0,0,0,0,0,0,0,0,0,0,HIGH
1,1,1,1,1,1,1,0,0,0,78,4,14,6,302,1,0,0,0,0,0,0,0,0,1,0,0,0,0,0,0,0,0,CRITICAL
1,0,1,1,1,1,1,0,1,0,137,0,18,8,200,0,0,0,0,0,0,0,1,0,1,1,0,0,0,0,0,0,0,MEDIUM
1,1,1,1,1,1,1,1,4,1,147,0,6,10,200,0,0,0,0,0,0,0,0,0,0,0,0,0,0,0,0,1,0,SAFE
1,0,1,1,1,1,1,0,2,0,140,2,27,4,200,0,0,0,1,0,0,0,0,0,1,1,0,0,0,0,1,0,0,HIGH
1,1,1,1,1,1,1,1,1,0,100,4,3,1,302,0,0,0,0,0,0,0,0,0,0,1,0,0,0,0,0,0,0,LOW
1,1,1,1,0,1,1,1,3,2,112,2,6,5,200,0,0,0,0,0,0,0,0,0,0,0,0,0,0,0,1,1,0,LOW
0,0,0,1,1,1,1,1,1,1,107,4,15,6,200,1,0,0,0,0,1,0,0,0,0,1,0,0,0,0,0,1,0,CRITICAL
1,1,1,1,1,1,1,1,2,0,136,4,25,8,200,0,0,0,0,0,0,0,0,0,0,1,0,0,1,0,0,0,1,LOW
1,1,1,1,1,1,0,0,3,0,36,4,19,4,302,0,0,0,0,0,0,0,1,0,1,0,0,0,0,1,0,0,0,MEDIUM
1,1,1,1,1,1,1,0,0,0,143,3,18,10,301,0,0,0,0,0,0,0,0,0,1,0,0,0,0,0,0,0,0,LOW
1,1,1,1,1,1,1,1,2,0,51,3,12,1,200,0,0,0,0,0,0,0,0,0,0,0,0,0,0,0,0,0,0,SAFE
1,1,1,1,1,1,1,0,1,1,103,1,7,8,200,1,0,0,0,0,1,0,0,0,1,0,0,0,0,0,0,1,1,CRITICAL
1,1,1,1,0,1,1,1,0,0,123,0,5,3,301,0,0,0,0,0,0,1,0,0,0,0,0,0,0,0,0,0,0,HIGH
1,1,1,1,1,1,1,0,2,0,98,2,9,4,200,1,0,0,0,0,1,0,0,0,1,0,0,0,0,0,0,0,0,CRITICAL
1,0,1,1,1,0,0,0,0,0,37,1,15,10,200,0,0,0,0,0,0,0,0,0,1,1,0,0,0,0,0,0,0,MEDIUM
1,1,1,1,1,1,1,0,3,0,101,3,2,8,200,0,0,0,0,0,0,0,0,0,1,0,0,0,0,0,1,0,1,LOW
1,0,1,1,1,1,1,1,4,2,85,1,9,5,200,1,0,0,0,0,0,0,0,0,0,1,0,0,0,0,0,1,0,CRITICAL
1,1,1,1,1,1,1,1,4,0,93,0,9,6,302,0,0,0,0,0,0,0,0,0,0,0,0,0,0,0,0,0,1,SAFE
1,1,1,1,1,1,0,1,4,0,39,4,21,2,301,0,1,0,0,0,0,0,0,0,1,0,0,0,0,0,0,0,0,HIGH
1,1,1,1,1,1,1,1,0,0,96,3,0,0,200,0,0,0,0,0,0,0,0,0,0,0,0,0,0,0,0,0,0,SAFE
1,1,1,1,0,1,1,1,2,0,136,3,1,3,200,1,0,0,0,0,1,0,0,0,0,0,0,0,0,0,0,0,0,CRITICAL
1,1,1,1,1,1,1,1,4,0,127,2,27,9,301,1,0,0,0,0,0,0,0,0,0,0,0,0,0,1,0,0,0,CRITICAL
1,1,1,1,1,1,1,1,0,0,93,0,20,3,302,0,0,0,0,0,0,0,0,0,0,1,0,0,0,0,0,0,0,LOW
1,1,1,1,1,1,1,1,3,0,42,1,28,9,200,0,0,0,0,0,0,0,0,0,0,0,0,0,0,0,0,0,1,SAFE
1,1,1,1,1,1,1,1,1,0,63,1,0,1,301,0,0,0,0,0,0,0,0,1,0,0,0,0,0,0,1,0,0,HIGH
1,0,1,1,1,1,1,0,4,2,57,2,22,2,200,0,1,0,0,0,0,0,0,0,1,1,0,0,0,0,0,1,1,HIGH
1,1,1,1,1,0,0,1,3,0,88,1,27,4,200,0,0,0,0,0,0,0,0,0,1,0,0,0,0,0,0,0,0,MEDIUM
1,1,1,0,1,1,1,1,2,0,20,4,14,10,301,1,0,0,0,0,0,0,0,0,0,0,0,0,0,0,0,0,1,CRITICAL
1,1,1,1,1,1,1,1,3,0,32,1,24,7,301,0,0,0,0,0,0,0,0,0,0,0,0,0,0,0,0,0,0,SAFE
1,0,1,1,1,1,1,1,3,0,87,4,4,1,200,1,0,0,0,0,0,0,0,0,0,1,0,0,0,1,0,0,1,CRITICAL
0,1,0,1,1,0,1,1,1,0,141,0,11,0,200,0,0,0,0,0,0,0,0,0,1,0,0,0,1,0,0,0,0,HIGH
1,1,1,1,1,1,1,0,1,0,64,3,6,3,500,0,0,1,0,0,0,0,0,0,1,0,0,0,0,0,0,0,0,HIGH
0,1,0,1,1,1,1,1,0,0,21,0,27,1,200,0,0,0,0,0,0,0,0,0,0,0,0,0,0,0,0,0,0,HIGH
1,1,1,0,1,1,1,1,3,0,67,3,28,9,500,0,0,1,0,0,0,0,0,0,0,0,0,0,1,0,0,0,0,HIGH
1,1,0,0,1,1,1,1,2,0,31,4,20,9,301,0,0,0,0,0,0,0,1,0,0,0,0,0,0,0,0,0,0,MEDIUM
1,1,1,1,1,1,1,0,4,0,32,3,11,10,200,0,0,0,0,0,0,0,0,0,1,0,0,1,0,0,0,0,0,LOW
1,1,1,1,1,1,1,1,1,0,136,4,23,8,302,0,0,0,0,0,0,0,0,0,0,0,0,0,0,0,1,0,0,SAFE
0,1,0,1,1,1,0,1,4,0,54,1,25,7,200,1,0,0,0,0,1,0,0,0,1,0,0,0,0,0,0,0,0,CRITICAL
1,1,1,0,1,1,1,0,1,0,115,3,27,3,200,0,0,0,0,0,0,0,0,0,1,0,0,0,0,0,1,0,0,MEDIUM
1,1,1,1,1,1,1,1,0,0,79,2,14,8,301,0,0,0,0,0,0,0,0,0,0,0,0,0,1,0,0,0,0,SAFE
1,1,1,1,0,1,1,1,2,0,111,1,19,9,200,0,0,0,0,0,0,0,1,0,0,0,0,0,0,0,0,0,0,MEDIUM
1,1,1,1,0,1,1,0,0,0,47,4,15,7,200,0,0,0,0,0,0,0,0,0,1,0,0,0,0,0,0,0,0,MEDIUM
1,1,0,1,1,1,1,1,0,0,84,3,14,4,301,0,0,0,0,0,0,0,0,0,0,0,0,0,0,0,0,0,0,LOW
1,1,0,1,1,1,1,1,3,0,36,0,10,4,302,0,0,0,1,0,0,1,0,0,0,0,0,0,0,0,0,0,0,HIGH
1,0,1,1,0,1,0,1,0,0,45,2,15,1,301,0,0,0,0,0,0,0,0,0,1,1,0,0,0,0,0,0,1,MEDIUM
1,1,1,1,0,1,0,1,4,2,149,3,17,9,200,0,0,0,0,0,0,0,0,0,1,0,0,0,0,0,0,1,0,MEDIUM
1,0,1,1,0,1,1,1,2,0,125,0,11,8,301,0,0,0,0,0,0,0,0,0,0,1,0,0,0,0,1,0,0,MEDIUM
1,1,0,1,1,1,1,0,1,0,69,4,28,10,301,0,0,0,0,0,0,0,1,0,1,0,0,0,0,0,0,0,0,MEDIUM
1,1,1,1,1,1,1,1,4,0,142,1,19,3,301,0,0,0,0,0,0,0,0,0,0,0,0,0,0,1,0,0,1,SAFE
1,1,1,1,0,1,1,1,3,0,72,3,6,9,200,0,0,0,0,0,0,0,0,0,0,0,0,0,0,0,0,0,0,LOW
1,1,1,1,1,1,1,1,3,0,41,4,8,2,200,0,0,0,0,0,0,0,0,0,0,0,0,0,0,0,0,0,1,SAFE
1,1,1,1,1,1,1,1,0,0,128,1,11,2,200,0,0,0,0,2,0,0,0,0,0,0,0,0,1,0,0,0,0,HIGH
1,1,1,1,1,1,0,1,0,0,138,2,19,10,302,0,0,0,0,0,0,1,0,0,1,0,0,0,0,0,0,0,0,HIGH
1,1,1,1,1,1,1,1,0,0,85,1,27,0,302,1,1,0,0,0,1,0,0,0,0,0,0,0,0,0,0,0,0,CRITICAL
1,1,1,1,1,1,1,1,3,0,118,3,10,5,200,0,0,0,0,0,0,0,0,0,0,0,0,0,1,0,0,0,0,SAFE
1,1,1,1,1,1,1,1,4,0,112,0,2,2,200,0,0,0,0,0,0,0,0,0,0,0,0,0,0,0,0,0,1,SAFE
1,1,1,1,1,1,1,1,0,0,65,2,16,4,302,1,0,0,0,0,0,0,0,0,0,0,0,0,0,0,0,0,1,CRITICAL
1,1,0,1,1,1,1,1,3,0,48,2,22,2,302,0,0,0,0,0,0,0,0,0,0,0,0,0,0,0,0,0,1,LOW
1,1,1,1,1,1,1,1,1,0,104,0,21,4,200,0,0,0,0,0,0,0,0,0,0,0,0,0,0,0,0,0,0,SAFE
0,1,0,0,1,0,0,1,4,0,76,4,10,4,200,0,0,0,0,2,0,0,0,0,1,0,0,0,0,1,0,0,0,HIGH
1,1,1,1,1,1,1,1,2,0,85,2,12,2,302,1,1,0,0,0,0,0,0,0,0,0,0,0,0,0,0,0,0,CRITICAL
1,1,1,1,1,1,1,1,2,0,31,2,14,3,200,0,0,0,0,0,0,1,0,0,0,0,0,0,0,0,0,0,0,HIGH
1,1,1,1,1,1,1,1,1,0,72,2,7,5,301,0,0,0,0,0,0,0,0,0,0,0,0,0,0,0,0,0,1,SAFE
0,1,0,1,1,1,1,1,4,2,115,2,10,10,200,0,0,0,0,0,0,0,0,0,0,0,0,0,0,0,0,1,0,HIGH
1,1,1,1,1,1,1,1,2,0,44,2,27,1,301,0,0,0,0,0,0,0,0,0,0,0,0,0,0,1,0,0,0,SAFE
1,1,1,1,1,1,1,0,1,0,45,0,26,9,301,0,0,0,0,0,0,0,0,0,1,0,0,0,1,0,0,0,0,LOW
1,1,1,1,0,1,1,1,1,1,148,1,27,10,200,0,0,0,0,0,0,0,0,0,0,0,0,0,0,0,0,1,1,LOW
0,1,0,1,1,0,1,1,0,0,36,0,22,3,200,0,0,0,0,0,0,0,0,0,1,0,0,0,0,0,0,0,0,HIGH
1,1,1,1,1,1,1,1,3,2,54,3,19,8,200,1,0,0,0,0,1,0,0,0,0,0,0,0,1,0,0,1,0,CRITICAL
1,1,0,0,0,1,1,0,2,0,115,3,22,9,301,0,0,0,0,0,0,0,0,0,1,0,0,0,0,1,0,0,0,MEDIUM
0,1,0,1,1,0,1,0,3,0,104,2,27,3,200,0,0,0,0,0,0,0,0,0,1,0,0,0,0,0,1,0,0,HIGH
1,1,1,0,1,1,0,1,3,0,44,0,10,3,200,0,0,0,0,0,0,0,0,0,1,0,0,0,0,0,0,0,0,MEDIUM
0,1,0,1,1,0,1,1,2,2,97,4,3,1,200,1,0,0,0,0,1,0,0,0,1,0,0,0,0,1,0,1,1,CRITICAL
1,1,1,1,1,1,1,1,3,0,116,0,23,4,200,0,0,0,0,0,0,0,0,0,0,1,0,0,0,0,0,0,0,LOW
1,0,0,1,0,1,0,1,0,0,133,0,7,9,200,0,0,0,0,0,0,0,0,0,1,1,0,0,0,0,0,0,1,MEDIUM
1,1,1,1,1,1,1,0,3,0,93,1,12,0,200,1,0,0,0,0,0,0,0,0,1,0,0,1,0,0,0,0,0,CRITICAL
1,1,0,0,1,0,1,0,1,0,75,0,10,4,301,0,0,0,0,0,0,0,0,0,1,0,0,0,0,0,0,0,0,MEDIUM
1,0,0,0,1,1,1,1,3,0,142,0,1,9,200,0,0,0,0,0,0,0,0,0,0,1,0,1,0,0,0,0,0,MEDIUM
0,1,0,1,1,0,1,1,3,0,90,2,18,4,200,0,0,0,0,0,0,0,0,0,1,0,0,0,1,0,0,0,1,HIGH
1,1,1,1,1,1,0,1,2,0,39,2,2,2,200,1,0,0,0,0,1,0,0,0,1,0,0,0,1,0,0,0,0,CRITICAL
0,1,0,1,1,1,1,1,3,0,101,0,18,0,200,0,0,0,0,0,0,0,0,0,0,0,0,1,0,0,0,0,0,HIGH
1,1,1,1,0,0,1,1,2,0,116,2,18,9,500,0,0,1,0,0,0,0,0,0,1,0,0,0,1,1,1,0,0,HIGH
1,0,1,0,1,1,0,0,4,0,114,2,4,1,200,0,0,0,0,0,0,0,0,0,1,1,0,0,0,0,0,0,1,MEDIUM
1,1,1,0,1,1,1,1,4,2,133,1,17,2,301,1,0,0,0,0,0,0,0,0,0,0,0,0,0,0,0,1,0,CRITICAL
1,1,0,1,0,1,0,1,1,0,91,4,26,0,200,0,0,0,0,0,0,0,1,0,1,0,0,0,0,0,0,0,0,MEDIUM
1,1,1,1,0,1,1,1,0,0,50,0,0,8,200,0,0,0,0,0,0,0,0,0,0,0,0,0,0,0,0,0,0,LOW
1,0,0,1,0,1,1,1,2,2,73,3,26,10,302,0,0,0,0,0,0,0,0,0,0,1,0,0,0,0,0,1,1,MEDIUM
1,1,1,1,1,1,1,1,1,1,90,4,24,6,200,0,0,0,0,0,0,0,0,0,0,0,0,0,1,0,0,1,1,SAFE
1,1,1,1,1,1,1,1,3,0,127,4,27,2,200,0,0,0,0,0,0,0,0,0,0,0,0,0,0,0,0,0,1,SAFE
1,1,1,1,1,1,1,1,2,0,104,0,4,1,302,0,0,0,0,0,0,0,0,0,0,0,0,0,0,0,0,0,0,SAFE
0,1,0,1,0,1,1,1,3,0,145,1,22,1,200,1,0,0,0,0,0,0,0,0,0,0,0,0,0,0,0,0,1,CRITICAL
1,1,1,1,1,1,1,1,1,0,24,4,28,7,200,0,0,0,0,0,0,0,0,0,0,0,0,0,0,0,0,0,0,SAFE
1,1,0,1,1,0,1,1,4,0,21,0,15,6,200,0,0,0,0,0,0,0,1,0,1,0,0,0,0,0,0,0,0,MEDIUM
1,1,1,1,1,1,1,0,2,0,20,3,21,3,200,1,0,0,0,0,0,0,0,0,1,0,0,0,0,0,0,0,0,CRITICAL
1,1,1,1,1,1,1,1,4,0,93,1,27,4,200,1,0,0,0,0,1,0,0,0,0,0,0,0,0,0,0,0,0,CRITICAL
0,0,0,1,1,0,1,1,0,0,138,1,17,10,200,1,0,0,0,0,0,0,0,0,1,1,0,0,0,0,0,0,0,CRITICAL
1,0,1,1,1,1,1,1,2,0,25,4,17,10,200,1,0,0,0,0,1,0,0,0,0,1,0,0,0,0,0,0,0,CRITICAL
0,1,0,1,1,0,1,1,0,0,113,2,11,6,200,1,0,0,0,0,0,0,0,0,1,0,0,0,0,0,0,0,0,CRITICAL
1,1,0,1,1,1,1,0,0,0,75,3,0,3,200,0,0,0,0,0,0,0,0,0,1,0,0,0,0,0,0,0,0,MEDIUM
1,1,0,1,1,1,1,1,4,0,98,3,26,10,200,0,0,0,0,0,0,0,0,0,0,0,0,0,0,0,0,0,0,LOW
0,1,0,1,1,0,1,1,1,1,21,2,22,3,200,0,0,0,0,0,0,0,0,0,1,0,0,0,0,0,0,1,0,HIGH
1,1,1,1,0,1,1,1,0,0,43,3,16,9,302,1,1,0,0,0,0,0,0,0,0,0,0,0,0,0,0,0,0,CRITICAL
1,1,1,1,1,1,1,1,1,1,42,1,17,2,200,0,0,0,0,0,0,0,0,0,0,0,0,0,1,0,0,1,0,SAFE
1,0,1,1,0,1,0,1,4,0,71,4,19,6,301,0,0,0,0,0,0,0,0,0,1,1,0,0,0,0,0,0,0,MEDIUM
1,1,1,1,1,1,1,1,1,0,90,0,21,10,200,0,0,0,0,0,0,0,0,0,0,0,0,0,0,0,0,0,0,SAFE
1,1,1,1,1,1,1,1,3,0,118,1,25,2,302,1,0,0,0,0,0,0,0,0,0,0,0,0,0,0,0,0,0,CRITICAL
1,1,0,1,1,1,1,1,1,0,48,2,6,10,302,0,0,0,0,0,0,0,1,0,0,0,0,0,0,0,0,0,1,MEDIUM
1,0,1,1,1,1,1,1,0,0,42,2,20,4,302,0,1,0,0,0,0,0,0,0,0,1,0,0,0,0,0,0,0,HIGH
1,1,1,1,1,1,1,1,1,0,102,4,24,8,301,0,0,0,0,0,0,0,0,0,0,0,0,0,0,0,0,0,0,SAFE
1,1,1,1,1,1,1,1,4,0,80,2,24,4,200,0,0,0,0,0,0,0,0,0,0,0,0,0,0,0,0,0,0,SAFE
1,0,0,1,1,1,1,0,4,0,135,2,8,5,200,0,0,0,0,0,0,0,1,0,1,1,0,0,0,0,1,0,0,MEDIUM
1,1,1,1,1,1,1,0,1,0,64,3,6,3,301,0,0,0,0,0,0,0,0,0,1,0,0,0,0,0,0,0,1,LOW
1,0,1,1,0,1,0,1,4,0,63,1,10,6,200,0,0,0,0,0,0,0,1,0,1,1,0,0,0,0,1,0,1,MEDIUM
1,1,0,0,0,1,1,0,3,0,114,1,12,0,200,0,0,0,0,0,0,0,0,0,1,0,0,0,0,0,0,0,0,MEDIUM
1,1,1,1,1,1,1,1,3,2,84,0,16,0,301,0,0,0,0,0,0,0,0,0,0,0,0,0,0,0,0,1,0,SAFE
1,0,1,1,1,1,1,0,1,0,29,4,9,1,200,0,0,0,0,1,0,0,0,0,1,1,0,0,0,0,0,0,0,HIGH
1,1,1,1,0,1,1,1,4,0,59,3,9,1,302,0,0,0,1,0,0,0,0,0,0,0,0,0,0,0,0,0,1,HIGH
0,1,0,1,1,0,1,1,0,0,115,4,6,5,200,1,1,0,0,0,1,0,0,0,1,0,0,0,0,0,0,0,0,CRITICAL
0,1,0,0,1,0,1,1,3,0,110,3,3,3,200,1,0,0,0,0,0,0,0,0,1,0,0,0,0,0,0,0,0,CRITICAL
1,1,0,1,0,1,1,1,2,0,150,2,23,8,200,0,0,0,0,0,0,0,0,0,0,0,0,1,0,0,0,0,0,MEDIUM
1,0,0,1,1,1,1,0,3,0,98,3,8,6,301,0,0,0,0,0,0,0,0,0,1,1,0,0,0,0,0,0,1,MEDIUM
1,1,0,1,1,1,1,1,0,0,150,4,5,7,200,0,0,0,4,0,0,1,0,0,0,0,0,0,0,0,0,0,0,HIGH
1,1,1,1,1,1,1,1,1,1,25,1,2,4,200,0,0,0,0,0,0,0,0,0,0,0,0,0,0,0,0,1,0,SAFE
1,1,1,1,1,1,1,1,0,0,141,1,0,2,200,1,0,0,0,0,1,0,0,0,0,0,0,0,0,0,0,0,0,CRITICAL
1,1,1,1,1,1,0,1,0,0,85,1,9,9,200,1,1,0,0,0,1,0,0,0,1,0,0,0,0,0,0,0,0,CRITICAL
1,1,1,1,1,1,1,1,0,0,140,1,22,7,200,0,0,0,0,0,0,1,0,0,0,0,0,0,0,0,0,0,0,HIGH
1,1,1,1,0,1,1,1,0,0,65,1,24,6,302,0,0,0,0,0,0,0,0,0,0,0,0,0,0,0,0,0,0,LOW
1,1,1,1,1,1,1,1,1,0,25,1,14,10,301,0,0,0,0,0,1,0,0,0,0,0,0,0,0,0,0,0,0,HIGH
1,1,0,1,1,1,1,1,4,0,85,3,27,0,301,0,0,0,0,0,0,0,0,0,0,0,0,0,0,0,0,0,0,LOW
1,1,1,1,1,1,1,1,2,0,62,3,9,1,302,0,0,0,0,0,0,0,0,0,0,0,0,0,0,0,0,0,0,SAFE
1,1,1,0,1,1,1,1,3,0,33,4,13,8,200,0,0,0,0,0,0,0,0,1,0,0,0,0,0,0,1,0,0,HIGH
1,1,1,1,1,1,1,0,3,0,64,2,16,10,301,0,0,0,0,0,0,0,0,0,1,0,0,0,0,0,0,0,1,LOW
1,1,0,1,1,1,1,1,1,0,36,4,21,0,200,0,0,0,0,0,0,0,0,0,0,0,0,0,0,0,0,0,1,LOW
1,1,1,1,1,1,1,1,1,0,102,1,18,7,200,0,0,0,0,0,0,0,0,0,0,0,0,0,0,0,0,0,0,SAFE
1,1,1,1,1,1,1,1,3,0,64,0,26,3,200,0,0,0,0,0,0,0,0,0,0,1,0,0,0,0,0,0,1,LOW
1,0,1,1,1,1,1,1,1,0,97,4,6,9,302,0,0,0,0,3,0,0,0,0,0,1,0,1,0,0,0,0,0,HIGH
1,1,1,1,1,1,1,1,2,0,72,0,17,0,302,0,0,0,0,0,0,0,0,1,0,0,0,0,0,0,1,0,1,HIGH
1,1,1,1,1,1,1,1,3,1,46,1,17,3,301,1,0,0,0,0,0,0,0,0,0,0,0,1,0,0,1,1,0,CRITICAL
1,1,1,1,1,1,1,1,2,1,42,3,6,5,301,0,0,0,0,0,0,0,0,1,0,0,0,0,0,0,1,1,0,HIGH
1,1,1,1,0,0,0,0,1,1,94,3,12,5,200,0,0,0,0,0,0,0,0,0,1,0,0,0,0,0,0,1,0,MEDIUM
1,1,1,1,1,1,1,1,1,0,119,0,18,0,200,0,0,0,0,0,0,0,0,0,0,0,0,0,0,0,0,0,0,SAFE
1,0,1,0,1,1,1,1,0,0,45,0,0,9,301,0,0,0,0,0,0,0,0,0,0,1,0,0,1,0,0,0,0,MEDIUM
1,1,1,0,1,1,1,1,1,1,84,4,3,4,302,1,0,0,0,0,0,0,0,0,0,0,0,0,0,0,0,1,0,CRITICAL
0,1,0,1,1,0,1,1,2,2,149,2,13,3,200,1,0,0,0,0,1,0,0,0,1,0,0,0,0,0,0,1,0,CRITICAL
1,1,1,1,1,1,1,1,4,0,133,1,18,7,200,1,0,0,0,0,0,0,0,0,0,0,0,0,0,0,0,0,0,CRITICAL
1,1,1,1,1,1,1,0,0,0,24,4,12,4,301,1,0,0,0,0,0,0,0,0,1,0,0,0,1,0,0,0,0,CRITICAL
0,1,0,1,1,0,1,1,0,0,103,4,15,7,302,1,0,0,0,0,1,0,0,0,1,0,0,0,0,0,0,0,1,CRITICAL
1,1,1,1,1,0,0,1,1,0,143,0,2,2,200,0,0,0,0,0,0,0,1,0,1,0,0,0,0,0,0,0,1,MEDIUM
1,1,0,1,1,0,0,0,1,0,140,3,19,2,200,0,0,0,0,0,0,0,0,0,1,0,0,0,0,0,0,0,0,MEDIUM
1,0,1,1,1,1,1,1,2,0,140,1,23,9,200,1,0,0,0,0,1,0,0,0,0,1,0,0,0,0,0,0,0,CRITICAL
0,1,0,0,1,0,1,1,0,0,24,1,27,5,301,1,0,0,0,0,1,0,0,0,1,0,0,0,0,0,0,0,1,CRITICAL
1,1,0,1,1,1,1,1,4,0,145,4,25,5,301,0,0,0,0,0,0,0,0,0,0,0,0,0,0,0,0,0,1,LOW
1,1,1,1,0,1,1,1,3,1,147,3,18,6,200,0,0,0,0,0,0,0,0,0,0,0,0,0,0,0,0,1,0,LOW
1,1,1,1,1,1,1,1,3,0,79,2,6,5,301,1,1,0,0,0,0,0,0,0,0,0,0,0,0,0,0,0,1,CRITICAL
1,0,1,1,1,1,0,1,1,0,39,0,19,3,302,0,0,0,0,0,0,0,0,0,1,1,0,0,0,1,0,0,0,MEDIUM
1,1,1,0,1,1,1,0,4,0,47,0,13,6,200,0,0,0,0,0,0,0,1,0,1,0,0,0,0,0,1,0,0,MEDIUM
1,1,1,1,1,1,1,1,3,2,24,0,26,1,302,0,0,0,0,0,0,0,0,0,0,1,0,0,0,0,1,1,0,LOW
1,1,1,1,1,1,1,1,0,0,122,3,28,10,302,1,0,0,0,0,0,0,0,0,0,0,0,0,0,0,0,0,0,CRITICAL
1,1,0,1,1,1,1,1,4,0,45,1,17,9,200,0,0,0,0,0,0,1,0,0,0,0,0,0,0,0,1,0,1,HIGH
0,1,0,1,1,0,1,0,0,0,112,2,20,7,200,1,0,0,0,0,1,0,0,0,1,0,0,0,0,0,0,0,0,CRITICAL
1,1,1,1,1,1,1,0,4,0,70,1,25,0,301,0,0,0,0,0,0,0,0,0,1,0,0,0,0,0,0,0,0,LOW
0,1,0,1,0,0,1,1,1,0,129,3,12,2,200,1,0,0,0,0,0,0,0,0,1,0,0,0,0,0,0,0,0,CRITICAL
1,1,1,0,1,1,1,1,4,0,27,3,13,6,301,1,1,0,0,0,0,0,0,0,0,0,0,0,0,0,0,0,0,CRITICAL
1,1,1,1,1,1,1,1,4,0,108,3,5,6,200,0,0,0,0,0,0,0,0,0,0,1,0,1,0,0,0,0,0,LOW
1,1,1,1,1,1,1,0,1,0,36,4,18,4,302,0,0,0,2,0,0,0,0,0,1,0,0,0,0,1,0,0,0,HIGH
1,1,1,1,1,1,1,1,1,0,47,0,4,6,302,0,0,0,0,0,0,0,0,0,0,0,0,0,0,0,0,0,0,SAFE
1,1,1,1,1,1,1,1,0,0,34,4,26,4,200,0,0,0,0,0,0,1,0,0,0,0,0,0,0,0,0,0,0,HIGH
1,1,1,1,1,1,1,1,3,1,89,2,16,6,200,0,0,0,0,0,0,0,0,0,0,1,0,0,0,0,0,1,0,LOW
1,1,0,1,1,1,1,1,0,0,88,4,19,7,301,0,0,0,0,0,0,0,0,0,0,0,0,0,0,0,0,0,0,LOW
1,1,0,0,1,1,1,1,3,0,138,0,17,2,200,0,0,0,0,0,0,0,0,0,0,0,0,0,0,0,0,0,1,MEDIUM
1,1,1,1,1,1,0,1,2,0,76,2,3,9,302,1,0,0,0,0,0,0,0,0,1,0,0,0,0,0,0,0,1,CRITICAL
0,1,0,1,1,0,1,1,3,0,73,4,23,7,302,0,0,0,0,0,0,0,0,0,1,0,0,0,0,0,0,0,1,HIGH
1,1,1,1,1,1,0,1,1,1,95,3,5,4,301,1,1,0,0,0,0,0,0,0,1,0,0,1,0,0,0,1,0,CRITICAL
0,1,0,1,0,0,1,1,3,0,64,0,2,4,301,0,0,0,0,0,0,0,0,0,1,0,0,0,0,0,0,0,0,HIGH
1,1,1,1,1,1,1,1,2,0,116,3,6,5,200,0,0,0,0,0,0,0,0,0,0,0,0,0,0,0,0,0,1,SAFE
0,1,0,1,1,0,1,0,0,0,27,1,28,10,301,1,0,0,0,0,1,0,0,0,1,0,0,0,0,0,0,0,0,CRITICAL
1,1,0,1,1,1,1,1,4,0,42,0,26,6,200,0,0,0,0,0,0,0,0,0,0,0,0,0,0,0,0,0,0,LOW
1,1,1,1,1,1,1,1,3,2,55,1,1,4,302,0,0,0,0,0,0,0,0,0,0,0,0,0,0,0,0,1,0,SAFE
1,1,0,1,1,1,1,1,4,0,36,3,24,1,200,0,0,0,0,0,0,0,0,0,0,0,0,0,0,0,0,0,0,LOW
1,1,1,1,1,1,1,1,0,0,90,1,19,9,200,0,0,0,0,0,0,0,0,0,0,0,0,0,1,0,0,0,0,SAFE
1,1,1,1,1,1,1,1,1,0,132,4,14,10,302,0,0,0,0,0,0,0,0,0,0,0,0,1,0,1,0,0,0,SAFE
1,0,1,1,1,1,1,1,2,0,124,3,8,0,200,0,0,0,5,0,0,0,0,0,0,1,0,0,0,0,0,0,0,HIGH
1,1,1,1,1,1,1,1,4,0,29,2,15,8,500,0,0,1,0,0,0,0,0,0,0,0,0,0,0,0,0,0,1,HIGH
1,1,1,1,1,1,1,1,4,0,97,0,23,4,200,0,0,0,0,0,0,0,0,0,0,0,0,0,1,0,0,0,0,SAFE
0,1,0,1,1,0,1,1,0,0,41,3,22,8,301,1,0,0,0,0,0,0,0,0,1,0,0,0,0,0,0,0,0,CRITICAL
1,1,1,1,1,1,1,0,2,0,100,2,10,9,200,1,0,0,0,0,0,0,0,0,1,0,0,0,0,0,0,0,0,CRITICAL
1,1,1,1,1,1,0,0,4,0,75,2,15,5,301,0,0,0,0,0,0,0,0,0,1,0,0,0,0,0,1,0,0,MEDIUM
1,0,0,1,1,1,1,1,4,1,77,0,4,6,301,0,0,0,0,0,0,0,0,0,0,1,0,0,0,1,0,1,0,MEDIUM
1,1,1,1,1,1,1,1,1,0,23,4,27,8,200,1,0,0,0,0,0,0,0,0,0,0,0,0,0,0,0,0,1,CRITICAL
1,1,0,1,1,1,0,0,4,0,68,2,19,1,200,0,0,0,0,0,0,0,1,0,1,0,0,0,1,0,0,0,0,MEDIUM
1,1,0,1,1,1,1,1,4,0,43,0,8,6,200,0,0,0,0,0,0,0,0,0,0,0,0,0,0,0,0,0,0,LOW
1,0,1,1,0,1,1,1,0,0,133,0,15,7,301,0,0,0,0,0,0,0,0,0,0,1,0,0,0,0,0,0,0,MEDIUM
1,1,1,1,1,1,1,1,2,0,109,2,5,3,200,0,0,0,0,0,0,0,0,0,0,0,0,0,0,0,0,0,1,SAFE
1,1,1,1,1,1,1,1,0,0,144,1,8,6,200,0,0,0,0,0,0,0,0,0,0,0,0,0,0,0,0,0,0,SAFE
1,1,1,1,1,1,1,1,2,0,131,3,0,8,200,0,0,0,0,0,0,0,0,0,0,0,0,0,0,0,0,0,0,SAFE
1,1,1,0,1,0,0,1,1,1,78,2,27,10,200,0,0,0,0,0,0,0,1,0,1,0,0,0,0,0,0,1,0,MEDIUM
1,1,1,1,1,1,1,1,2,2,90,4,5,8,302,0,0,0,0,0,0,0,0,0,0,0,0,0,0,0,0,1,1,SAFE
1,1,1,1,1,1,0,1,2,0,48,4,24,1,500,0,0,1,0,0,0,0,0,0,1,0,0,0,0,0,0,0,0,HIGH
1,1,1,1,1,1,1,0,1,0,34,0,0,9,200,0,0,0,0,0,0,0,1,0,1,0,0,0,0,0,0,0,0,MEDIUM
1,1,1,1,1,1,0,1,4,0,91,4,22,6,302,0,0,0,5,0,0,0,0,0,1,0,0,0,0,0,0,0,0,HIGH
1,1,1,1,1,1,0,1,0,0,31,4,10,6,500,0,0,1,0,0,0,0,0,0,1,0,0,0,0,0,0,0,1,HIGH
1,1,1,1,1,1,1,1,1,1,95,1,5,7,200,0,0,0,2,0,0,0,0,0,0,0,0,0,0,0,1,1,0,HIGH
1,1,1,1,1,1,0,1,3,2,66,4,8,0,200,1,1,0,0,0,0,0,0,0,1,0,0,0,0,0,0,1,1,CRITICAL
1,1,0,1,1,1,1,1,4,0,40,1,5,3,200,0,0,0,0,0,0,0,0,0,0,0,0,0,0,1,0,0,0,LOW
1,1,1,1,1,1,1,1,3,0,133,2,2,3,302,0,0,0,0,0,0,0,0,0,0,1,0,0,0,0,1,0,0,LOW
1,1,0,1,1,1,1,1,4,0,21,1,4,9,302,0,0,0,0,0,0,0,0,0,0,0,0,0,0,0,0,0,0,LOW
1,1,0,1,1,1,0,1,4,0,35,1,16,9,200,0,0,0,0,0,1,0,0,0,1,0,0,0,0,0,0,0,0,HIGH
1,1,1,1,1,1,1,0,0,0,48,1,4,3,200,0,0,0,0,0,0,0,0,0,1,0,0,0,0,0,0,0,0,LOW
1,1,1,1,1,1,1,1,0,0,98,3,22,4,200,0,0,0,0,0,0,0,0,0,0,0,0,0,0,0,0,0,0,SAFE
1,1,1,1,1,1,1,0,3,0,58,2,0,1,200,1,0,0,0,0,0,0,0,0,1,0,0,0,0,0,0,0,1,CRITICAL
1,1,1,1,1,1,1,1,3,0,75,3,6,1,302,0,0,0,0,0,0,0,0,0,0,0,0,0,0,0,0,0,0,SAFE
1,1,0,1,1,0,0,0,1,1,45,0,27,1,302,0,0,0,0,0,0,0,0,0,1,0,0,0,0,0,0,1,0,MEDIUM
1,0,1,1,1,1,1,1,1,1,21,4,3,10,200,0,0,0,0,0,0,0,0,1,0,1,0,0,0,0,1,1,1,HIGH
1,1,1,1,1,1,1,1,1,0,54,2,14,7,200,0,0,0,0,0,0,0,0,0,0,1,0,0,0,0,0,0,1,LOW
1,1,1,1,0,1,1,1,4,0,104,3,12,3,200,0,0,0,2,0,0,0,0,0,0,0,0,0,0,0,0,0,0,HIGH
1,0,1,1,1,1,1,1,1,0,133,2,2,8,200,0,0,0,0,0,0,0,0,1,0,1,0,0,0,0,1,0,0,HIGH
1,1,1,1,1,1,1,1,1,1,34,1,26,5,200,0,0,0,0,0,0,0,0,0,0,0,0,0,0,1,0,1,0,SAFE
1,1,1,1,1,1,1,1,0,0,18,4,24,0,200,1,0,0,0,0,0,0,0,0,0,0,0,0,0,0,0,0,0,CRITICAL
1,1,1,1,0,1,1,1,1,1,48,3,28,8,200,0,0,0,0,0,0,0,0,0,0,0,0,0,0,1,1,1,0,LOW
0,1,0,1,1,1,0,1,4,0,80,2,22,8,200,1,1,0,0,0,0,0,0,0,1,0,0,0,0,0,0,0,0,CRITICAL
1,1,1,1,1,0,1,1,0,0,142,1,18,5,301,0,1,0,0,0,0,0,0,0,1,0,0,0,0,0,0,0,1,HIGH
0,1,0,1,1,0,1,1,2,0,24,2,28,4,301,0,0,0,0,0,0,0,0,0,1,0,0,0,0,0,0,0,0,HIGH
1,1,1,1,1,1,1,1,2,0,67,3,27,7,200,0,0,0,0,0,0,0,0,0,0,0,0,0,0,0,0,0,0,SAFE
1,1,1,1,1,1,1,1,4,0,59,3,26,9,200,0,0,0,0,0,0,0,0,0,0,0,0,0,0,0,1,0,0,SAFE
1,1,1,1,0,1,1,1,4,0,46,0,17,7,302,0,0,0,0,0,0,0,0,0,0,0,0,0,0,0,0,0,0,LOW
1,1,1,1,0,1,1,1,3,0,45,0,12,7,200,0,0,0,0,0,0,0,0,0,0,0,0,1,0,0,0,0,0,LOW
1,1,1,1,1,1,1,0,2,0,107,1,19,10,500,0,0,1,0,0,0,0,0,0,1,0,0,0,0,0,0,0,0,HIGH
1,1,1,1,1,1,1,1,2,0,39,3,1,4,200,1,0,0,0,0,0,0,0,0,0,0,0,0,0,0,0,0,0,CRITICAL
1,1,0,0,1,1,0,1,0,0,78,3,7,5,200,0,0,0,0,0,0,0,0,0,1,0,0,0,0,0,0,0,0,MEDIUM
1,1,1,1,1,1,0,1,1,1,60,1,15,1,301,1,0,0,0,0,0,0,0,0,1,0,0,0,0,0,0,1,0,CRITICAL
1,1,1,1,0,1,1,0,1,0,64,0,0,2,302,0,0,0,0,0,0,0,1,0,1,0,0,0,0,0,0,0,0,MEDIUM
1,1,1,0,1,1,1,1,4,2,126,1,18,7,200,1,0,0,0,0,1,0,0,0,0,0,0,0,0,0,0,1,0,CRITICAL
0,1,0,0,1,1,1,1,0,0,132,2,10,5,302,0,0,0,0,0,0,0,0,0,0,0,0,0,0,0,0,0,0,HIGH
1,1,1,1,1,1,1,1,1,0,47,2,14,10,200,0,0,0,0,0,0,0,0,0,0,0,0,0,0,0,0,0,1,SAFE
1,1,1,1,0,0,0,0,4,0,98,3,20,1,200,0,0,0,0,0,0,0,0,0,1,0,0,0,0,0,0,0,0,MEDIUM
1,1,1,1,1,1,1,1,4,0,107,4,1,0,302,0,0,0,0,0,0,0,0,0,0,0,0,0,0,0,0,0,0,SAFE
1,1,1,1,1,1,1,1,3,0,59,4,4,3,302,0,0,0,0,0,0,0,0,0,0,1,0,0,0,0,0,0,1,LOW
1,1,1,1,0,1,1,1,1,0,125,0,13,7,200,0,0,0,0,0,0,0,0,0,0,0,0,0,0,0,0,0,0,LOW
1,1,1,1,1,1,1,1,0,0,148,2,22,6,302,0,0,0,0,0,0,0,0,0,0,1,0,0,0,0,0,0,1,LOW
1,1,1,1,1,1,1,1,3,0,67,2,9,6,301,0,0,0,0,0,0,0,0,0,0,0,0,0,0,1,0,0,1,SAFE
1,0,0,1,1,0,0,1,3,1,77,2,18,10,301,0,0,0,0,0,0,0,0,0,1,1,0,0,0,0,0,1,0,MEDIUM
1,1,1,1,1,1,0,1,2,0,44,0,4,2,200,0,0,0,0,0,0,1,0,0,1,0,0,0,0,0,0,0,0,HIGH
1,1,1,1,1,1,1,1,4,0,131,4,9,9,200,0,0,0,0,0,0,0,0,0,0,0,0,0,0,0,0,0,0,SAFE
1,1,0,0,1,1,1,0,3,0,18,0,19,0,301,0,0,0,0,0,0,0,0,0,1,0,0,0,0,0,0,0,0,MEDIUM
0,1,0,1,1,0,1,1,0,0,32,0,3,1,302,0,0,0,0,0,0,0,0,0,1,0,0,0,0,0,0,0,0,HIGH
1,1,1,1,1,1,1,0,2,0,37,2,19,1,200,0,0,0,0,0,0,0,0,0,1,0,0,1,0,0,0,0,0,LOW
1,1,1,0,1,0,1,0,4,0,57,1,6,7,200,0,0,0,0,0,0,0,0,0,1,0,0,0,0,0,0,0,1,MEDIUM
1,1,1,1,0,1,1,1,0,0,45,3,16,1,200,0,1,0,0,0,0,0,0,0,0,0,0,0,0,0,0,0,0,HIGH
0,1,0,0,1,1,1,1,2,0,104,1,16,2,200,1,0,0,0,0,1,0,0,0,0,0,0,0,0,0,0,0,1,CRITICAL
1,1,1,1,1,1,1,1,2,2,120,3,1,0,301,0,0,0,0,0,0,0,0,0,0,0,0,0,0,0,0,1,0,SAFE
1,1,1,1,0,1,1,1,1,0,83,3,2,10,500,0,0,1,0,0,0,0,0,0,0,0,0,1,0,0,0,0,0,HIGH
1,1,1,1,1,1,1,1,4,0,127,3,21,7,200,0,0,0,0,0,0,0,0,0,0,1,0,0,0,0,0,0,1,LOW
1,1,1,1,1,1,1,0,0,0,102,2,3,10,302,0,0,0,0,0,0,0,0,0,1,0,0,0,0,0,0,0,0,LOW
1,1,0,1,1,1,1,1,1,0,26,1,28,10,200,0,0,0,0,0,1,0,0,0,0,0,0,0,0,0,0,0,0,HIGH
1,1,1,1,1,1,1,1,1,1,45,1,15,6,301,0,0,0,0,0,0,0,0,0,0,0,0,0,0,0,0,1,0,SAFE
0,1,0,1,1,0,0,1,1,0,69,3,6,9,200,0,0,0,0,0,0,0,0,0,1,0,0,0,0,0,0,0,0,HIGH
1,0,1,1,1,0,1,1,1,0,114,1,6,10,200,0,0,0,0,0,1,0,0,0,1,1,0,0,0,0,0,0,1,HIGH
0,1,0,1,1,0,1,1,2,1,85,4,25,6,302,0,0,0,0,0,0,0,0,0,1,0,0,0,0,0,0,1,0,HIGH
1,1,1,1,0,1,0,1,3,0,39,3,10,8,301,0,0,0,0,0,1,1,0,0,1,0,0,0,0,0,0,0,0,HIGH
0,0,0,1,1,0,1,1,4,0,53,1,2,10,200,1,0,0,0,0,1,0,0,0,1,1,0,0,0,0,0,0,0,CRITICAL
1,1,1,1,1,0,1,1,1,0,143,0,13,0,200,0,0,0,0,0,0,0,1,0,1,0,0,0,0,0,0,0,0,MEDIUM
1,1,1,1,1,1,1,1,4,0,97,2,17,5,301,0,0,0,0,0,0,0,0,0,0,0,0,0,0,0,0,0,0,SAFE
1,1,1,1,1,0,0,1,3,2,19,3,4,0,200,0,0,0,0,0,0,0,0,0,1,0,0,0,0,0,0,1,0,MEDIUM
1,1,1,1,1,1,1,1,2,0,34,0,3,7,200,0,0,0,0,0,0,0,0,0,0,0,0,0,0,0,0,0,0,SAFE
1,1,1,1,1,1,1,1,3,0,121,4,23,1,301,0,0,0,0,0,0,0,0,0,0,0,0,0,0,0,0,0,0,SAFE
0,1,0,0,1,0,1,1,2,0,84,1,24,8,200,1,1,0,0,0,0,0,0,0,1,0,0,0,0,0,0,0,0,CRITICAL
0,0,0,1,1,0,1,1,2,0,20,1,2,5,200,1,0,0,0,0,1,0,0,0,1,1,0,0,0,1,0,0,0,CRITICAL
1,1,1,1,1,1,1,0,1,0,114,2,18,9,200,0,0,0,0,0,0,0,0,0,1,0,0,1,0,0,0,0,1,LOW
1,0,1,1,0,0,1,1,3,0,137,0,7,7,301,0,0,0,0,0,0,0,0,0,1,1,0,0,1,0,0,0,0,MEDIUM
1,0,1,1,0,0,1,1,3,0,134,2,13,6,200,0,0,0,0,0,0,0,1,0,1,1,0,1,0,0,0,0,0,MEDIUM
1,0,0,1,0,1,1,1,1,0,43,3,5,6,200,0,0,0,0,0,0,0,0,0,0,1,0,0,0,0,0,0,0,MEDIUM
0,1,0,1,1,0,1,1,0,0,31,2,21,10,200,1,0,0,0,0,1,0,0,0,1,0,0,0,0,0,0,0,0,CRITICAL
1,1,1,1,1,1,1,0,1,0,31,3,5,7,301,0,0,0,0,0,0,0,0,0,1,0,0,0,0,1,0,0,0,LOW
1,1,0,1,1,1,1,1,4,0,123,3,11,7,302,0,0,0,0,0,0,0,0,0,0,0,0,0,0,0,1,0,0,LOW
1,1,1,0,1,0,1,1,2,1,119,4,17,3,200,0,0,0,0,0,0,0,1,0,1,0,0,0,0,1,0,1,1,MEDIUM
1,1,1,1,1,1,1,1,0,0,72,0,2,2,200,0,0,0,0,0,0,0,0,0,0,1,0,0,0,0,0,0,0,LOW
1,0,1,0,1,1,0,1,3,1,80,0,13,1,200,0,0,0,0,0,0,0,0,0,1,1,0,0,0,0,0,1,0,MEDIUM
1,1,1,1,1,1,1,1,2,1,28,3,12,9,200,0,0,0,0,0,0,0,0,0,0,0,0,0,1,0,0,1,1,SAFE
1,1,1,1,1,1,1,1,3,0,52,0,9,1,301,0,0,0,0,0,0,0,0,0,0,0,0,0,0,0,0,0,0,SAFE
1,1,1,1,1,1,1,1,0,0,56,2,7,8,200,1,0,0,0,0,0,0,0,0,0,0,0,0,0,0,0,0,1,CRITICAL
0,0,0,1,1,0,1,1,1,0,52,2,20,7,200,0,0,0,0,0,0,0,0,0,1,1,0,0,0,0,0,0,1,HIGH
1,1,1,0,1,1,1,0,4,1,37,3,9,7,200,0,0,0,0,0,0,0,0,0,1,0,0,1,0,0,0,1,0,MEDIUM
1,0,1,0,1,1,0,0,2,0,36,0,1,3,302,0,0,0,0,0,0,0,0,0,1,1,0,0,0,0,0,0,0,MEDIUM
1,1,0,1,1,1,1,1,4,1,93,3,9,5,200,0,0,0,0,0,0,0,0,0,0,0,0,0,0,0,0,1,0,LOW
1,1,1,1,1,1,1,1,3,0,54,3,10,0,200,0,0,0,0,0,1,0,0,0,0,0,0,0,0,0,0,0,1,HIGH
1,1,0,1,1,1,1,1,0,0,147,4,8,10,200,0,0,0,0,0,0,0,0,0,0,0,0,0,0,0,0,0,0,LOW
1,1,1,1,0,1,1,1,1,1,40,4,14,4,200,0,1,0,0,0,0,0,0,0,0,0,0,0,0,0,0,1,1,HIGH
1,1,1,1,1,0,1,1,1,0,76,2,6,0,200,0,0,0,0,0,1,0,0,0,1,0,0,0,0,0,0,0,1,HIGH
1,1,1,0,1,1,1,1,2,0,85,4,2,5,200,0,0,0,0,0,0,0,0,1,0,0,0,0,0,0,1,0,0,HIGH
1,1,1,1,1,1,1,1,4,0,123,2,19,1,301,0,0,0,0,0,0,0,0,0,0,0,0,0,1,0,0,0,0,SAFE
0,1,0,1,1,0,1,1,4,2,57,1,14,6,200,1,1,0,0,0,0,0,0,0,1,0,0,0,0,0,0,1,0,CRITICAL
1,1,1,1,0,0,1,0,4,2,110,1,16,1,302,0,0,0,0,0,0,0,0,0,1,0,0,0,0,0,0,1,1,MEDIUM
1,1,1,1,1,1,1,1,4,2,67,3,19,4,302,0,0,0,0,0,0,0,0,0,0,0,0,0,0,0,0,1,0,SAFE
1,1,1,1,1,1,1,1,3,0,56,0,3,0,200,0,0,0,0,0,0,0,0,0,0,0,0,0,0,0,0,0,0,SAFE
1,0,0,1,0,1,1,1,3,0,103,2,8,1,302,0,0,0,0,0,0,0,0,0,0,1,0,0,0,0,0,0,1,MEDIUM
1,1,1,1,1,1,1,1,2,0,89,1,28,1,301,0,0,0,0,0,0,0,0,0,0,1,0,0,0,0,0,0,1,LOW
1,1,0,1,1,1,1,1,0,0,24,0,8,8,301,0,0,0,0,0,0,0,0,0,0,0,0,0,0,0,0,0,0,LOW
1,1,1,1,0,1,1,1,3,0,72,3,0,5,200,0,0,0,0,1,0,0,0,0,0,0,0,0,0,0,0,0,0,HIGH
1,1,1,0,1,1,1,1,2,0,62,4,1,7,200,1,0,0,0,0,1,0,0,0,0,0,0,0,0,0,0,0,0,CRITICAL
1,1,1,1,1,1,1,1,1,0,46,1,11,6,200,0,0,0,0,0,0,0,0,0,0,0,0,0,0,0,0,0,1,SAFE
1,1,1,1,1,1,1,0,1,0,118,2,4,5,200,0,0,0,0,0,0,0,0,0,1,0,0,0,0,0,0,0,0,LOW
1,1,1,1,1,1,1,1,1,0,60,0,4,1,200,0,0,0,0,0,0,0,0,0,0,0,0,0,0,0,0,0,0,SAFE
0,1,0,1,1,0,1,1,3,0,70,3,8,7,200,1,0,0,0,0,0,0,0,0,1,0,0,0,1,0,1,0,0,CRITICAL
1,1,1,1,1,1,1,0,4,2,19,4,0,2,301,1,0,0,0,0,0,0,0,0,1,0,0,0,0,0,0,1,0,CRITICAL
1,0,0,1,1,1,0,1,4,2,88,2,7,6,302,0,0,0,0,0,0,0,0,0,1,1,0,0,0,0,0,1,0,MEDIUM
1,1,1,1,1,1,1,1,4,0,127,1,14,4,301,1,0,0,0,0,0,0,0,0,0,0,0,0,0,0,0,0,0,CRITICAL
1,1,1,1,0,1,1,1,2,0,44,1,11,5,200,0,0,0,0,0,0,0,0,1,0,0,0,1,0,0,1,0,0,HIGH
1,1,1,1,1,1,1,1,4,0,105,3,12,3,301,0,0,0,0,0,0,0,0,0,0,0,0,0,0,0,0,0,0,SAFE
1,1,1,1,1,1,1,1,0,0,46,1,20,9,302,0,0,0,0,0,0,0,0,0,0,0,0,0,0,0,0,0,0,SAFE
1,1,1,0,1,1,1,1,4,0,127,0,0,2,200,0,0,0,0,0,0,0,1,0,0,0,0,0,0,0,0,0,0,MEDIUM
1,1,1,1,1,1,1,0,0,0,31,4,15,0,200,0,1,0,0,0,0,0,0,0,1,0,0,0,0,0,0,0,1,HIGH
1,1,1,1,1,1,1,1,4,0,132,0,16,1,200,0,0,0,0,0,0,0,0,0,0,1,0,1,0,0,1,0,0,LOW
1,1,1,1,1,1,1,1,4,0,56,4,17,0,200,0,0,0,0,3,0,0,0,0,0,0,0,0,0,0,0,0,0,HIGH
1,1,1,1,1,1,1,1,1,0,137,4,4,1,200,0,0,0,0,0,0,0,0,0,0,1,0,0,0,1,0,0,0,LOW
1,1,1,1,1,1,1,1,4,2,42,4,12,7,302,0,0,0,0,0,0,0,0,0,0,0,0,0,0,0,0,1,0,SAFE
1,0,1,1,0,1,0,1,0,0,43,1,19,0,301,0,0,0,0,0,0,0,0,0,1,1,0,0,0,0,0,0,0,MEDIUM
1,1,1,1,1,1,1,0,1,0,124,0,14,6,200,0,0,0,0,0,0,0,0,0,1,0,0,1,0,0,0,0,0,LOW
1,1,1,1,0,1,1,1,1,0,55,1,13,2,200,0,0,0,0,0,0,0,1,0,0,0,0,0,1,0,0,0,0,MEDIUM
1,1,1,1,1,1,1,1,3,0,79,2,7,4,200,0,0,0,0,0,0,0,0,0,0,0,0,0,0,1,1,0,1,SAFE
1,1,1,1,1,1,1,0,1,0,27,4,23,9,200,0,0,0,0,0,0,0,0,0,1,0,0,0,0,0,0,0,0,LOW
1,1,1,1,1,1,1,1,2,2,89,4,22,7,302,0,0,0,3,0,0,0,0,0,0,0,0,0,0,1,0,1,0,HIGH
1,0,1,0,0,0,1,1,2,0,52,0,10,3,200,0,0,0,0,0,0,0,0,0,1,1,0,0,0,0,1,0,0,MEDIUM
0,1,0,1,1,0,1,1,3,0,126,3,23,9,200,0,0,0,0,0,0,0,0,0,1,0,0,0,0,0,0,0,0,HIGH
1,1,1,1,1,1,1,0,4,2,84,2,19,1,301,1,0,0,0,0,0,0,0,0,1,0,0,0,0,0,0,1,0,CRITICAL
1,1,1,1,1,1,1,0,4,1,39,1,5,0,200,0,0,0,0,0,0,0,0,0,1,0,0,0,1,0,0,1,0,LOW
0,1,0,1,1,0,1,0,3,0,133,1,3,3,302,1,0,0,0,0,1,0,0,0,1,0,0,0,0,1,0,0,0,CRITICAL
1,1,1,0,1,1,1,1,1,1,45,4,28,9,302,0,0,0,0,0,0,1,0,0,0,0,0,0,1,1,0,1,1,HIGH
1,1,1,1,1,1,1,1,1,0,49,3,10,7,302,0,0,0,0,0,0,0,0,0,0,0,0,0,0,0,0,0,0,SAFE
1,1,1,1,1,1,1,1,4,0,129,3,11,4,301,1,0,0,0,0,1,0,0,0,0,0,0,0,0,0,0,0,0,CRITICAL
1,1,1,1,1,1,1,1,4,2,134,2,1,0,302,0,0,0,0,0,0,0,0,0,0,0,0,0,1,0,0,1,1,SAFE
1,1,1,0,1,1,1,1,4,0,83,3,17,4,200,1,0,0,0,0,1,0,0,0,0,0,0,0,0,0,0,0,0,CRITICAL
1,1,1,1,1,1,1,1,1,0,22,0,23,10,301,0,0,0,0,0,0,0,0,0,0,0,0,0,0,0,0,0,0,SAFE
1,1,1,1,1,1,1,1,3,0,150,4,5,1,301,0,0,0,0,0,0,0,0,0,0,0,0,0,0,0,0,0,1,SAFE
0,1,0,1,1,0,1,1,2,0,91,1,19,5,301,0,0,0,0,0,0,0,0,0,1,0,0,0,0,1,0,0,0,HIGH
0,0,0,1,1,0,1,1,3,0,101,1,14,9,200,1,0,0,0,0,0,0,0,0,1,1,0,0,0,0,0,0,0,CRITICAL
0,1,0,1,1,0,1,1,0,0,145,1,12,6,200,1,0,0,0,0,1,0,0,0,1,0,0,0,0,0,0,0,0,CRITICAL
1,1,1,1,1,1,1,1,3,1,149,2,0,8,200,1,1,0,0,0,0,0,0,0,0,0,0,0,0,1,0,1,1,CRITICAL
1,1,1,0,1,0,1,1,2,0,81,3,23,0,200,0,0,0,0,0,0,0,1,0,1,0,0,0,0,0,0,0,0,MEDIUM
1,1,1,1,1,1,0,1,4,0,88,1,5,0,301,1,0,0,0,0,0,0,0,0,1,0,0,0,0,0,0,0,0,CRITICAL
1,1,1,1,1,1,1,1,1,0,148,3,2,6,200,1,1,0,0,0,0,0,0,0,0,0,0,0,0,0,0,0,1,CRITICAL
1,1,1,1,1,1,1,1,0,0,40,2,26,9,301,1,0,0,0,0,0,0,0,0,0,0,0,0,1,0,0,0,1,CRITICAL
1,0,0,1,1,0,0,1,0,0,123,4,10,4,301,0,0,0,0,0,0,0,0,0,1,1,0,0,0,0,0,0,0,MEDIUM
1,1,1,0,1,1,1,1,1,0,47,2,15,0,200,0,0,0,0,0,0,0,0,1,0,0,0,0,0,0,1,0,0,HIGH
1,1,1,1,1,1,1,1,1,0,135,4,18,5,500,0,0,1,0,0,0,0,0,0,0,0,0,0,0,0,0,0,0,HIGH
1,1,1,1,1,1,1,1,3,0,111,1,16,4,302,0,0,0,0,0,0,0,0,0,0,0,0,0,0,0,0,0,0,SAFE
1,1,1,1,1,1,1,1,2,0,74,4,19,1,200,0,0,0,0,0,1,0,0,1,0,0,0,0,0,0,1,0,0,HIGH
1,1,1,1,1,1,1,0,3,0,94,1,9,4,200,0,0,0,0,0,0,0,0,0,1,0,0,0,0,0,0,0,0,LOW
1,1,1,1,1,1,1,1,3,0,143,2,23,3,301,0,0,0,0,0,0,0,0,0,0,0,0,0,0,0,0,0,1,SAFE
1,1,1,1,1,1,1,1,1,0,137,0,1,6,200,0,0,0,0,0,0,0,0,0,0,0,0,0,0,0,0,0,0,SAFE
1,1,1,1,0,0,0,1,4,2,121,3,15,6,301,0,0,0,0,0,0,0,0,0,1,0,0,0,0,0,0,1,0,MEDIUM
1,1,1,1,0,1,1,1,0,0,92,3,8,10,302,0,0,0,0,0,0,0,0,0,0,0,0,0,0,0,0,0,0,LOW
1,1,0,0,1,1,1,0,2,0,80,3,19,5,301,0,0,0,0,0,0,0,0,0,1,0,0,0,0,0,1,0,1,MEDIUM
0,1,0,1,1,0,1,1,0,0,105,1,19,1,302,1,0,0,0,0,0,0,0,0,1,0,0,0,0,0,0,0,1,CRITICAL
1,1,1,1,1,1,1,1,4,0,71,0,24,5,200,0,0,0,0,0,0,0,0,0,0,1,0,0,0,0,0,0,0,LOW
1,1,1,1,1,1,1,1,4,0,131,1,7,3,200,1,1,0,0,0,1,0,0,0,0,0,0,0,0,0,0,0,0,CRITICAL
1,0,0,1,1,0,1,1,1,0,34,0,0,5,200,0,0,0,0,0,0,0,1,0,1,1,0,0,0,0,0,0,0,MEDIUM
1,1,1,1,1,1,1,1,3,0,147,1,24,8,302,0,0,0,0,0,0,0,0,0,0,0,0,0,0,0,0,0,0,SAFE
1,1,1,1,1,1,1,1,3,0,28,3,20,6,302,1,0,0,0,0,1,0,0,0,0,0,0,1,0,0,0,0,0,CRITICAL
1,1,1,0,1,1,1,1,3,0,63,1,24,9,200,1,0,0,0,0,0,0,0,0,0,0,0,0,0,0,0,0,0,CRITICAL
1,1,1,1,1,1,0,0,2,0,59,4,7,6,200,0,0,0,0,0,0,0,1,0,1,0,0,0,0,1,0,0,0,MEDIUM
1,1,1,1,0,1,1,1,2,0,128,3,23,10,200,0,0,0,0,0,0,0,0,0,0,0,0,0,0,0,0,0,0,LOW
1,1,1,1,1,1,1,1,4,1,20,3,2,2,200,0,0,0,0,0,0,0,0,0,0,0,0,0,0,0,0,1,1,SAFE
1,1,1,1,1,1,1,1,2,0,66,0,3,2,200,0,0,0,0,0,0,0,0,0,0,0,0,0,1,0,0,0,0,SAFE
1,1,0,1,1,1,1,1,3,0,106,2,19,2,301,0,0,0,0,0,0,0,0,0,0,0,0,0,0,0,0,0,0,LOW
0,1,0,0,1,0,1,1,1,1,26,1,26,3,301,0,0,0,0,0,0,0,0,0,1,0,0,0,0,0,0,1,0,HIGH
1,1,1,1,0,1,1,1,3,0,43,0,15,6,200,0,0,0,0,0,0,0,0,0,0,0,0,0,0,0,0,0,0,LOW
1,1,0,1,1,1,1,1,3,1,111,1,7,0,301,0,0,0,0,0,0,0,0,0,0,0,0,1,0,0,0,1,1,LOW
1,1,1,1,1,1,1,1,0,0,45,4,3,6,301,0,0,0,0,0,0,0,0,0,0,0,0,0,0,0,0,0,0,SAFE
1,0,1,1,1,1,1,0,3,2,99,2,6,5,200,0,0,0,0,0,0,0,1,0,1,1,0,0,0,0,1,1,0,MEDIUM
0,1,0,1,1,1,1,1,4,0,22,1,12,4,200,1,0,0,0,0,1,0,0,0,0,0,0,0,0,0,0,0,0,CRITICAL
0,1,0,1,1,0,1,1,3,0,122,3,6,9,200,1,0,0,0,0,0,0,0,0,1,0,0,0,0,0,0,0,0,CRITICAL
1,1,1,1,0,1,1,1,2,0,45,3,11,3,200,0,0,0,0,0,0,0,0,0,0,0,0,0,0,0,0,0,0,LOW
1,1,0,1,1,0,1,1,1,0,69,0,6,2,200,0,0,0,0,0,0,0,1,0,1,0,0,0,0,0,0,0,1,MEDIUM
1,1,1,1,1,0,0,0,1,0,134,0,17,9,200,0,0,0,0,0,0,0,0,0,1,0,0,0,0,0,0,0,0,MEDIUM
0,1,0,1,1,0,0,1,2,0,66,1,15,9,302,1,1,0,0,0,0,0,0,0,1,0,0,0,0,0,0,0,1,CRITICAL
1,0,1,1,1,1,1,1,4,0,29,4,8,8,200,1,0,0,0,0,1,0,0,0,0,1,0,0,0,1,0,0,1,CRITICAL
1,1,1,1,1,1,1,1,4,0,67,0,17,6,200,0,0,0,0,0,0,0,0,0,0,0,0,0,0,0,1,0,0,SAFE
1,1,1,1,1,1,0,1,2,0,79,3,26,8,301,0,0,0,0,0,0,0,0,1,1,0,0,0,0,0,1,0,0,HIGH
0,1,0,1,1,0,1,1,0,0,81,1,1,9,200,1,0,0,0,0,0,0,0,0,1,0,0,0,0,0,0,0,0,CRITICAL
1,1,0,1,0,0,1,1,2,0,74,0,1,5,200,0,0,0,0,0,0,0,1,0,1,0,0,0,0,0,0,0,0,MEDIUM
1,0,0,0,1,1,1,1,3,0,37,1,11,10,200,0,0,0,0,0,0,0,1,0,0,1,0,1,1,0,0,0,0,MEDIUM
0,1,0,1,1,0,1,1,0,0,139,3,24,4,200,1,0,0,0,0,0,0,0,0,1,0,0,0,0,0,0,0,0,CRITICAL
1,1,1,1,1,1,1,1,1,1,140,2,3,6,200,1,0,0,0,0,0,0,0,0,0,0,0,0,0,0,0,1,0,CRITICAL
0,1,0,1,1,0,1,1,0,0,136,4,7,0,200,1,0,0,0,0,0,0,0,0,1,0,0,0,0,0,0,0,0,CRITICAL
1,1,1,1,1,1,1,1,2,0,18,0,6,3,302,0,0,0,0,0,0,0,0,0,0,0,0,0,0,0,0,0,0,SAFE
1,1,1,1,1,1,1,1,4,0,42,2,18,10,200,0,0,0,0,0,0,0,0,0,0,0,0,0,0,0,0,0,1,SAFE
1,1,1,0,1,1,0,1,4,0,35,3,28,0,200,0,0,0,0,0,0,0,1,0,1,0,0,0,0,0,0,0,0,MEDIUM
1,1,1,1,1,1,1,1,2,0,139,0,0,3,200,0,0,0,0,0,0,0,0,0,0,0,0,0,0,0,0,0,0,SAFE
1,1,1,1,0,1,1,1,4,1,121,0,15,10,301,0,0,0,0,0,0,0,0,0,0,0,0,0,0,0,0,1,0,LOW
1,1,1,1,0,1,1,1,1,1,90,1,5,10,200,0,0,0,0,0,0,0,0,0,0,0,0,0,0,1,0,1,1,LOW
1,1,1,1,0,1,1,1,2,1,72,0,0,3,302,0,0,0,0,0,0,0,1,0,0,0,0,0,1,0,0,1,1,MEDIUM
1,1,1,1,1,1,1,1,3,0,25,0,9,8,200,0,0,0,0,0,0,0,0,0,0,0,0,0,0,0,0,0,0,SAFE
1,1,1,1,1,1,1,1,2,2,71,0,19,7,200,0,0,0,0,0,0,0,0,0,0,0,0,0,0,0,0,1,1,SAFE
1,1,1,1,1,1,1,1,1,0,57,4,6,8,302,1,1,0,0,0,0,0,0,0,0,0,0,0,0,1,0,0,0,CRITICAL
1,1,1,1,1,1,1,0,1,0,70,0,25,3,301,0,0,0,0,0,0,0,0,0,1,0,0,1,0,0,0,0,1,LOW
1,1,0,1,1,1,1,1,1,0,79,2,28,5,200,0,0,0,0,0,0,0,0,0,0,0,0,0,0,0,0,0,0,LOW
1,1,1,1,0,1,1,1,4,0,66,1,9,4,301,1,0,0,0,0,0,0,0,0,0,0,0,1,0,0,0,0,0,CRITICAL
1,1,1,1,1,1,1,0,1,1,46,2,22,5,301,1,0,0,0,0,0,0,0,0,1,0,0,0,0,0,0,1,0,CRITICAL
1,1,0,1,1,1,1,1,1,0,80,3,4,5,200,0,0,0,0,0,0,0,0,0,0,0,0,1,0,0,0,0,1,LOW
1,1,0,1,1,0,1,1,0,0,68,3,11,6,302,0,0,0,5,0,0,0,0,0,1,0,0,0,0,0,0,0,0,HIGH
1,1,1,0,1,1,1,1,4,0,32,2,12,7,200,1,0,0,0,0,0,0,0,0,0,0,0,0,0,0,0,0,1,CRITICAL
1,1,1,1,1,1,0,1,0,0,113,1,18,8,302,0,0,0,0,0,1,0,0,0,1,0,0,0,1,0,0,0,0,HIGH
0,0,0,1,1,0,1,1,2,0,101,4,14,9,302,1,0,0,0,0,0,0,0,0,1,1,0,0,0,0,0,0,1,CRITICAL
0,1,0,1,1,1,1,1,2,1,132,2,16,10,302,0,0,0,0,0,0,0,0,0,0,0,0,0,0,0,0,1,0,HIGH
1,1,1,1,1,1,1,1,4,0,94,0,3,5,301,0,0,0,0,0,0,0,0,0,0,0,0,0,0,0,0,0,1,SAFE
0,1,0,1,1,0,1,1,4,0,90,3,15,8,200,0,0,0,0,1,0,0,0,0,1,0,0,0,0,1,0,0,0,HIGH
1,0,1,1,1,0,1,1,2,0,26,4,23,1,302,0,1,0,0,0,0,0,0,0,1,1,0,0,0,0,1,0,1,HIGH
1,0,1,0,1,0,1,0,2,0,122,1,7,1,200,0,0,0,0,0,0,0,0,0,1,1,0,0,0,0,0,0,1,MEDIUM
1,1,1,1,1,1,1,1,1,1,65,3,20,5,200,0,0,0,0,0,0,0,0,0,0,1,0,0,0,0,0,1,0,LOW
1,1,0,1,1,1,1,1,1,0,133,0,12,8,200,0,0,0,0,0,0,0,0,0,0,0,0,0,0,0,0,0,0,LOW
0,1,0,1,1,0,1,1,1,1,89,1,7,2,200,1,0,0,0,0,0,0,0,0,1,0,0,0,0,0,0,1,1,CRITICAL
1,1,0,1,1,1,1,1,3,0,128,4,28,10,200,0,0,0,0,0,0,0,0,0,0,0,0,0,0,0,0,0,0,LOW
1,1,1,1,1,1,1,1,1,0,88,4,9,4,200,0,0,0,0,0,0,0,0,0,0,0,0,0,0,1,0,0,0,SAFE
0,1,0,1,1,0,0,1,1,0,48,0,5,5,200,0,0,0,0,0,0,0,0,0,1,0,0,0,0,0,0,0,0,HIGH
1,1,1,1,1,1,1,1,3,0,77,1,24,8,200,0,0,0,0,0,0,0,0,0,0,0,0,0,0,0,0,0,0,SAFE
0,1,0,1,1,1,0,1,3,2,130,1,19,0,301,1,0,0,0,0,0,0,0,0,1,0,0,0,0,1,0,1,0,CRITICAL
1,1,1,1,1,1,0,1,3,2,55,4,22,7,301,1,0,0,0,0,1,0,0,0,1,0,0,0,0,0,0,1,0,CRITICAL
1,1,1,1,1,1,1,0,1,1,122,3,5,5,200,0,0,0,0,0,0,0,0,0,1,0,0,0,0,0,0,1,0,LOW
1,1,1,1,1,1,1,0,3,0,30,0,15,7,200,0,0,0,0,0,0,0,0,0,1,0,0,0,0,0,0,0,0,LOW
1,1,1,1,1,1,1,0,0,0,90,4,8,9,200,0,0,0,0,0,0,0,0,0,1,0,0,0,0,0,0,0,1,LOW
0,1,0,1,0,1,1,1,2,0,124,4,11,3,302,0,0,0,0,0,0,0,0,0,0,0,0,0,0,0,0,0,1,HIGH
0,0,0,1,1,1,1,1,1,0,106,1,10,6,200,0,0,0,0,0,0,0,0,0,0,1,0,0,0,0,1,0,0,HIGH
1,1,0,1,1,1,1,0,2,2,133,2,10,0,200,0,0,0,0,0,0,0,1,0,1,0,0,0,0,0,0,1,1,MEDIUM
1,1,1,1,1,1,1,1,0,0,128,1,0,6,301,0,0,0,0,0,0,0,0,0,0,0,0,0,0,0,0,0,1,SAFE
1,1,1,0,1,0,0,0,1,0,29,2,16,5,301,0,0,0,0,0,0,0,0,0,1,0,0,0,1,0,0,0,1,MEDIUM
1,1,1,1,1,1,1,1,3,0,43,3,0,5,200,0,0,0,0,0,0,1,0,0,0,0,0,0,0,0,1,0,0,HIGH
1,1,1,1,1,1,1,0,1,0,103,1,3,8,200,0,0,0,0,0,0,0,0,0,1,0,0,0,0,0,0,0,0,LOW
0,1,0,1,0,0,1,1,3,0,48,3,8,2,200,1,0,0,0,0,0,0,0,0,1,0,0,0,0,0,0,0,0,CRITICAL
1,1,1,1,1,1,1,1,4,0,136,1,3,2,302,1,0,0,0,0,0,0,0,0,0,0,0,0,0,0,0,0,0,CRITICAL
1,0,1,1,1,1,1,0,2,0,25,4,4,7,200,0,1,0,0,0,0,0,0,0,1,1,0,0,0,0,0,0,0,HIGH
0,1,0,1,1,1,1,1,2,0,143,1,14,3,200,1,1,0,0,0,1,0,0,0,0,0,0,0,0,0,0,0,0,CRITICAL
1,0,0,0,1,0,1,1,3,2,115,4,20,2,200,0,0,0,0,0,0,0,0,0,1,1,0,0,0,0,1,1,0,MEDIUM
1,1,1,1,1,1,1,1,2,0,99,4,21,10,302,0,0,0,0,0,0,1,0,0,0,0,0,0,0,0,0,0,0,HIGH
1,0,1,0,0,1,1,0,2,0,91,0,6,4,302,0,0,0,0,0,0,0,0,0,1,1,0,0,0,0,0,0,0,MEDIUM
1,1,1,1,1,1,1,1,4,1,40,3,14,0,200,0,0,0,0,0,0,0,0,0,0,0,0,0,0,0,0,1,0,SAFE
1,1,1,1,1,0,1,0,3,0,117,2,0,7,200,0,0,0,0,0,0,0,0,0,1,0,0,1,0,0,0,0,0,MEDIUM
1,1,1,1,1,1,1,1,3,0,63,3,11,6,301,0,0,0,0,0,0,0,0,1,0,0,0,0,0,0,1,0,0,HIGH
1,0,0,1,0,1,1,1,1,0,90,3,11,8,200,0,0,0,0,0,0,0,1,0,0,1,0,0,0,0,0,0,1,MEDIUM
1,1,1,0,0,1,1,1,3,0,58,1,15,6,200,0,0,0,0,0,0,0,0,0,0,0,0,0,0,0,0,0,0,MEDIUM
1,1,0,1,0,0,1,0,0,0,62,3,26,4,200,0,0,0,0,0,0,0,0,0,1,0,0,0,0,0,0,0,0,MEDIUM
1,1,1,1,1,1,1,1,2,0,110,3,17,5,200,0,0,0,0,0,0,0,0,0,0,0,0,0,0,0,0,0,1,SAFE
1,1,1,1,1,1,1,1,1,0,22,4,1,4,301,0,0,0,0,0,0,0,0,0,0,1,0,0,0,0,0,0,0,LOW
1,1,1,1,0,0,1,1,3,0,52,4,15,0,500,0,0,1,0,0,0,1,0,0,1,0,0,0,0,1,0,0,0,HIGH
1,1,1,1,1,1,1,1,2,0,94,3,0,1,301,0,0,0,4,0,0,0,0,0,0,0,0,1,0,0,0,0,0,HIGH
1,1,1,1,0,1,1,1,4,0,74,1,3,1,200,1,0,0,0,0,1,0,0,0,0,0,0,0,0,0,0,0,0,CRITICAL
1,1,1,0,1,1,0,1,4,0,85,0,17,5,200,0,0,0,0,0,0,0,1,0,1,0,0,0,0,0,0,0,1,MEDIUM
0,1,0,1,1,1,1,1,2,0,78,3,22,4,302,1,0,0,0,0,1,0,0,0,0,0,0,0,0,0,0,0,0,CRITICAL
1,1,1,1,0,1,1,1,0,0,60,4,16,10,200,1,0,0,0,0,1,0,0,0,0,0,0,0,0,0,0,0,0,CRITICAL
1,1,1,1,1,1,1,1,0,0,62,2,20,10,301,1,1,0,0,0,0,0,0,0,0,0,0,0,0,0,0,0,0,CRITICAL
1,1,0,0,0,0,1,1,2,0,114,3,9,0,200,0,0,0,0,0,0,0,0,0,1,0,0,0,1,0,0,0,1,MEDIUM
0,1,0,1,0,0,1,1,2,0,100,2,13,2,302,0,0,0,0,2,0,0,0,0,1,0,0,0,0,0,0,0,1,HIGH
0,1,0,1,1,1,1,1,4,0,106,3,16,0,302,0,0,0,0,0,0,0,0,0,0,0,0,0,0,0,0,0,1,HIGH
1,1,1,1,1,1,1,1,2,0,37,2,12,7,301,0,0,0,0,0,0,0,0,0,0,0,0,0,0,0,0,0,1,SAFE
1,1,0,1,1,1,1,1,0,0,32,3,23,6,302,0,0,0,3,0,0,0,0,0,0,0,0,0,0,0,0,0,1,HIGH
1,1,1,1,1,1,1,1,4,0,85,2,24,4,200,0,0,0,0,0,0,0,0,0,0,0,0,0,0,0,0,0,0,SAFE
1,1,1,1,1,1,1,1,4,0,23,2,10,8,301,1,0,0,0,0,1,0,0,0,0,0,0,0,0,1,0,0,0,CRITICAL
1,1,1,1,1,1,1,1,4,0,62,4,23,9,200,1,0,0,0,0,1,0,0,0,0,0,0,0,0,1,0,0,0,CRITICAL
1,1,1,1,1,1,1,1,0,0,22,2,20,8,301,1,0,0,0,0,1,0,0,0,0,0,0,0,0,0,0,0,1,CRITICAL
0,1,0,1,1,0,1,1,3,0,66,1,8,7,200,1,0,0,0,0,0,0,0,0,1,0,0,0,0,0,0,0,1,CRITICAL
1,1,1,1,1,1,1,1,4,0,46,4,11,2,200,0,0,0,0,0,0,0,0,0,0,0,0,1,0,1,0,0,0,SAFE
1,1,1,1,1,1,1,1,1,1,54,4,9,10,301,1,0,0,0,0,1,0,0,0,0,0,0,0,0,0,0,1,0,CRITICAL
1,1,1,0,1,0,1,0,2,0,26,2,13,0,200,0,0,0,0,0,0,0,0,0,1,0,0,0,0,0,0,0,1,MEDIUM
1,1,1,1,1,1,1,1,0,0,47,2,3,1,301,0,0,0,0,0,0,0,0,0,0,1,0,0,0,0,0,0,0,LOW
1,1,1,1,0,1,1,1,2,0,99,2,15,4,302,0,0,0,0,0,0,0,0,0,0,0,0,0,0,0,0,0,0,LOW
1,1,1,1,0,0,1,1,1,0,57,3,18,5,302,0,0,0,0,0,0,0,1,0,1,0,0,0,0,0,0,0,0,MEDIUM
1,1,1,1,1,1,1,1,3,0,103,4,27,1,302,0,0,0,0,0,0,0,0,1,0,0,0,0,0,1,1,0,0,HIGH
1,1,1,1,1,1,1,0,1,0,79,3,4,8,301,1,0,0,0,0,0,0,0,0,1,0,0,1,1,0,0,0,1,CRITICAL
1,1,0,1,1,1,1,1,2,0,68,1,23,6,200,0,0,0,0,0,0,0,0,0,0,0,0,0,0,0,1,0,1,LOW
1,1,1,1,0,1,1,1,3,0,140,2,26,1,200,0,0,0,0,0,0,0,0,1,0,0,0,0,0,0,1,0,0,HIGH
0,1,0,1,1,0,1,1,2,0,60,1,21,3,200,0,0,0,0,0,0,0,0,0,1,0,0,0,0,0,0,0,0,HIGH
1,1,0,1,0,1,1,1,4,1,66,4,26,1,200,0,0,0,0,0,0,0,0,0,0,0,0,0,0,0,0,1,1,MEDIUM
0,1,0,1,1,1,1,1,1,0,107,2,10,10,302,1,0,0,0,0,0,0,0,0,0,0,0,0,0,0,0,0,1,CRITICAL
1,1,1,1,1,1,1,1,0,0,93,4,4,8,200,0,0,0,0,0,1,0,0,0,0,0,0,0,0,0,0,0,1,HIGH
0,1,0,1,1,0,1,1,4,0,95,0,21,10,200,0,0,0,0,0,0,0,0,0,1,0,0,0,0,0,0,0,0,HIGH
1,1,1,1,1,1,1,1,3,1,21,2,19,5,301,1,1,0,0,0,0,0,0,0,0,0,0,0,1,0,0,1,0,CRITICAL
1,1,1,1,1,1,1,1,2,1,39,0,27,7,302,0,0,0,0,0,0,0,0,0,0,0,0,0,0,0,1,1,0,SAFE
0,1,0,1,1,0,1,1,0,0,41,1,6,8,200,0,0,0,0,0,0,0,0,0,1,0,0,0,0,0,0,0,1,HIGH
1,1,1,1,1,1,1,0,3,0,141,4,0,10,200,1,0,0,0,0,0,0,0,0,1,0,0,0,0,0,0,0,0,CRITICAL
1,1,1,1,1,1,1,1,0,0,87,2,24,10,200,0,0,0,0,0,0,0,0,0,0,0,0,0,0,0,0,0,0,SAFE
1,0,1,1,1,0,0,1,4,0,23,4,12,9,200,0,0,0,0,0,0,0,1,0,1,1,0,0,0,0,0,0,0,MEDIUM
1,1,1,1,1,1,1,1,3,2,80,1,18,3,301,0,0,0,0,0,0,0,0,0,0,0,0,0,0,1,0,1,1,SAFE
1,1,0,1,0,1,1,1,3,0,19,1,28,9,200,0,0,0,0,0,0,0,0,0,0,0,0,0,0,0,0,0,1,MEDIUM
1,1,1,1,1,1,1,1,1,0,23,3,22,0,302,0,0,0,0,0,0,0,0,0,0,0,0,0,0,0,0,0,1,SAFE
1,1,1,1,1,1,1,1,1,1,130,1,24,3,200,0,0,0,0,0,0,0,0,0,0,0,0,0,0,1,0,1,0,SAFE
1,1,1,1,1,1,1,1,3,0,93,4,22,10,200,0,0,0,0,0,0,0,0,0,0,0,0,0,0,0,0,0,0,SAFE
0,1,0,1,1,0,1,1,2,0,82,2,13,3,301,1,0,0,0,0,0,0,0,0,1,0,0,0,0,0,0,0,0,CRITICAL
1,1,1,1,1,1,1,1,1,0,111,4,17,2,200,1,0,0,0,0,0,0,0,0,0,0,0,0,0,1,0,0,0,CRITICAL
1,0,1,1,1,1,1,1,2,1,80,2,14,0,200,0,0,0,0,0,0,1,0,1,0,1,0,0,0,0,1,1,1,HIGH
1,0,1,1,1,1,1,1,1,0,45,0,2,7,200,0,0,0,0,0,0,0,1,0,0,1,0,0,0,0,0,0,0,MEDIUM
1,1,1,1,1,1,1,0,0,0,118,4,24,4,200,0,0,0,0,0,0,0,0,0,1,0,0,0,0,0,0,0,0,LOW
1,0,1,1,1,1,1,1,2,0,88,1,8,5,200,1,0,0,0,0,1,0,0,0,0,1,0,0,0,0,0,0,1,CRITICAL
1,1,1,1,1,1,1,1,3,0,52,4,13,1,200,0,0,0,0,0,0,0,0,0,0,0,0,0,0,0,0,0,0,SAFE
0,0,0,1,1,1,1,1,3,0,57,1,19,6,200,1,0,0,0,0,0,0,0,0,0,1,0,0,0,1,0,0,0,CRITICAL
1,1,1,1,0,0,0,1,3,0,62,1,12,6,200,0,0,0,0,0,0,0,1,0,1,0,0,0,0,0,0,0,1,MEDIUM
1,1,1,1,1,1,1,1,1,0,133,1,10,7,301,0,0,0,0,0,0,0,0,0,0,0,0,0,1,0,0,0,0,SAFE
0,0,0,1,1,0,1,1,1,0,69,4,7,3,500,0,0,1,0,0,0,0,0,0,1,1,0,0,0,0,0,0,1,HIGH
1,1,1,1,1,1,1,1,4,0,131,0,28,0,301,0,0,0,0,0,0,0,0,0,0,1,0,0,0,0,0,0,0,LOW
1,1,1,1,1,1,1,1,4,0,54,1,2,0,301,1,0,0,0,0,1,0,0,0,0,0,0,1,0,1,0,0,0,CRITICAL
1,1,1,1,1,1,1,1,0,0,39,2,27,3,200,0,0,0,0,0,0,0,0,0,0,0,0,0,0,0,0,0,0,SAFE
1,1,1,1,0,1,1,1,0,0,100,1,18,4,200,0,0,0,0,0,0,0,0,0,0,0,0,0,1,0,0,0,0,LOW
1,1,1,1,1,1,1,1,1,0,126,0,26,9,200,0,0,0,0,0,0,0,0,0,0,0,0,0,0,0,0,0,1,SAFE
1,1,1,1,0,1,1,1,0,0,93,2,23,7,200,0,0,0,0,0,0,0,0,0,0,0,0,0,0,0,0,0,1,LOW
0,0,0,1,1,1,1,1,0,0,136,3,11,7,302,0,0,0,0,0,0,0,0,0,0,1,0,0,0,0,0,0,0,HIGH
1,1,1,1,1,1,1,1,3,0,49,0,14,7,200,0,0,0,0,0,0,0,0,0,0,0,0,0,0,0,0,0,0,SAFE
0,1,0,1,1,0,1,1,1,0,19,0,5,7,200,0,0,0,0,0,0,0,0,0,1,0,0,0,0,0,0,0,0,HIGH
1,1,1,0,1,1,0,1,3,0,87,3,1,1,200,0,0,0,0,0,0,0,1,0,1,0,0,0,0,0,0,0,0,MEDIUM
0,1,0,1,1,0,1,1,0,0,21,4,19,2,200,0,0,0,0,0,0,0,0,0,1,0,0,0,1,0,0,0,0,HIGH
1,1,1,1,1,1,1,1,2,0,31,4,13,3,200,0,0,0,0,0,0,0,0,0,0,0,0,0,0,0,0,0,0,SAFE
1,1,1,1,1,1,1,1,0,0,75,2,13,9,200,0,0,0,0,0,0,0,0,0,0,0,0,0,0,0,0,0,0,SAFE
0,1,0,1,1,0,1,1,2,1,77,1,17,3,200,1,0,0,0,0,0,0,0,0,1,0,0,0,0,0,0,1,0,CRITICAL
1,0,0,1,1,0,1,0,1,0,57,2,23,2,200,0,0,0,0,0,0,0,0,0,1,1,0,0,0,1,0,0,0,MEDIUM
1,1,1,1,1,1,1,1,1,1,64,1,27,1,200,0,0,0,0,0,0,0,0,0,0,1,0,1,0,0,0,1,1,LOW
1,1,1,1,1,1,1,1,0,0,21,3,11,4,200,0,0,0,0,0,0,0,0,0,0,0,0,0,0,0,0,0,1,SAFE
1,1,1,1,1,1,1,1,3,0,101,2,17,10,302,0,0,0,0,0,0,0,0,0,0,0,0,0,0,0,0,0,0,SAFE
1,1,1,1,1,1,1,1,1,0,74,2,15,7,302,0,0,0,0,0,0,0,0,1,0,0,0,0,0,0,1,0,0,HIGH
1,0,1,1,1,1,1,1,4,0,126,4,27,6,200,1,0,0,0,0,0,0,0,0,0,1,0,1,0,0,0,0,1,CRITICAL
0,1,0,1,1,0,1,1,4,0,77,1,12,8,200,1,1,0,0,0,1,0,0,0,1,0,0,0,0,0,0,0,0,CRITICAL
1,1,1,1,0,0,1,1,2,0,58,1,14,1,301,0,0,0,0,0,0,0,0,0,1,0,0,0,0,0,0,0,1,MEDIUM
1,0,1,0,1,0,1,1,4,0,28,4,1,7,302,0,0,0,0,0,0,0,0,0,1,1,0,0,0,0,0,0,0,MEDIUM
1,0,0,1,1,1,1,0,2,0,89,1,13,9,200,0,0,0,0,0,0,0,1,0,1,1,0,0,0,0,0,0,1,MEDIUM
1,1,1,1,1,0,1,1,3,0,70,0,23,10,200,0,0,0,0,3,0,0,0,0,1,0,0,0,0,0,0,0,1,HIGH
1,1,1,1,1,1,1,1,1,0,150,2,8,9,500,0,0,1,0,0,0,0,0,0,0,0,0,0,1,0,0,0,0,HIGH
0,1,0,1,1,0,1,1,4,0,140,4,27,1,200,1,1,0,0,0,0,0,0,0,1,0,0,0,1,0,0,0,0,CRITICAL
1,1,1,0,0,1,1,1,0,0,96,0,7,0,302,0,0,0,0,0,0,0,0,0,0,0,0,0,0,0,0,0,1,MEDIUM
1,1,1,1,1,1,1,1,2,0,67,3,17,4,302,0,1,0,0,0,0,1,0,0,0,0,0,0,0,1,1,0,0,HIGH
1,1,1,1,1,1,1,0,0,0,94,4,10,8,200,0,0,0,0,0,0,0,0,0,1,0,0,0,0,0,0,0,0,LOW
1,1,1,0,1,1,0,0,0,0,100,3,15,7,301,0,0,0,0,0,0,0,0,0,1,0,0,0,1,0,0,0,0,MEDIUM
1,1,0,1,0,1,1,0,2,1,23,1,27,10,200,0,0,0,0,0,0,0,0,0,1,0,0,0,0,0,0,1,0,MEDIUM
1,1,1,1,1,1,1,0,4,0,52,1,28,9,200,0,0,0,0,0,1,0,0,1,1,0,0,0,1,0,1,0,0,HIGH
1,1,1,1,1,1,1,1,4,0,112,2,4,5,302,0,0,0,0,0,0,0,0,0,0,1,0,0,0,0,0,0,1,LOW
1,0,1,1,1,1,0,1,4,0,22,1,23,10,200,0,1,0,0,0,0,0,0,0,1,1,0,0,0,0,0,0,1,HIGH
1,1,1,1,0,1,1,1,1,0,107,3,1,1,200,0,0,0,0,0,0,0,0,0,0,0,0,0,0,0,0,0,1,LOW
1,1,0,1,1,1,1,1,1,1,51,3,1,1,200,0,0,0,0,0,0,0,0,0,0,0,0,0,0,0,0,1,0,LOW
1,1,1,1,1,1,1,1,1,0,35,4,18,10,200,0,0,0,0,0,0,0,0,0,0,0,0,0,0,0,0,0,1,SAFE
1,0,1,1,1,1,1,1,3,2,41,0,11,7,200,0,0,0,0,0,0,0,1,0,0,1,0,0,0,0,0,1,1,MEDIUM
1,1,0,0,1,0,1,1,3,0,55,3,21,4,302,0,0,0,0,0,0,0,0,0,1,0,0,0,0,0,0,0,0,MEDIUM
1,1,0,1,0,0,1,1,1,0,59,3,18,7,200,0,0,0,0,0,0,0,0,0,1,0,0,0,0,0,0,0,0,MEDIUM
1,1,1,1,1,1,1,1,0,0,61,3,25,9,301,0,0,0,0,2,0,0,0,0,0,0,0,0,0,0,0,0,0,HIGH
1,1,1,0,1,1,1,1,0,0,109,1,1,9,301,1,0,0,0,0,1,0,0,0,0,0,0,0,0,0,0,0,0,CRITICAL
1,1,1,1,1,1,1,1,2,0,99,4,20,3,200,0,0,0,0,0,0,0,0,0,0,0,0,0,0,0,0,0,1,SAFE
1,1,1,1,1,1,1,1,3,0,69,4,22,3,302,0,1,0,0,0,0,0,0,0,0,0,0,0,0,0,0,0,1,HIGH
1,0,1,1,1,1,1,0,0,0,110,1,10,7,200,0,0,0,0,0,0,0,0,0,1,1,0,0,0,0,0,0,0,MEDIUM
1,1,1,1,1,1,1,1,0,0,136,4,0,8,200,0,0,0,0,0,0,0,0,0,0,0,0,0,0,0,0,0,0,SAFE
1,1,1,0,1,1,1,1,1,0,39,4,28,8,302,1,0,0,0,0,0,0,0,0,0,0,0,0,0,0,0,0,0,CRITICAL
1,1,1,1,1,1,1,0,4,0,82,2,17,5,200,0,0,0,0,0,0,0,0,0,1,0,0,0,0,0,0,0,1,LOW
0,1,0,1,1,0,1,1,4,0,90,4,12,8,200,0,0,0,0,0,0,0,0,0,1,0,0,0,0,0,1,0,1,HIGH
1,1,1,1,1,1,1,1,2,0,69,1,15,8,200,0,0,0,0,0,0,0,0,0,0,1,0,0,0,0,0,0,0,LOW
1,1,1,1,1,0,1,0,2,0,72,4,28,8,200,0,0,0,0,0,0,0,1,0,1,0,0,0,0,0,0,0,1,MEDIUM
1,1,1,0,0,1,1,1,1,0,86,1,6,1,200,0,0,0,0,0,0,0,0,0,0,0,0,0,0,1,0,0,0,MEDIUM
1,1,1,1,1,1,1,1,4,0,93,4,6,9,302,0,0,0,0,0,0,0,0,0,0,1,0,1,0,0,0,0,0,LOW
1,1,0,1,1,1,1,1,0,0,104,0,18,3,302,0,0,0,0,0,0,0,0,0,0,0,0,0,0,0,0,0,0,LOW
1,1,1,1,0,1,1,1,2,2,21,0,3,10,302,0,0,0,0,0,0,0,0,0,0,0,0,0,0,0,1,1,0,LOW
0,0,0,1,1,0,1,1,2,0,43,2,27,9,200,0,0,0,0,0,0,0,0,0,1,1,0,0,0,0,0,0,0,HIGH
0,1,0,1,1,1,1,1,3,0,54,3,3,1,200,1,0,0,0,0,1,0,0,0,0,0,0,0,0,0,0,0,1,CRITICAL
1,1,0,1,0,1,1,1,1,0,25,2,13,9,200,0,0,0,0,0,0,0,0,0,0,0,0,0,0,0,0,0,0,MEDIUM
0,1,0,1,1,0,1,1,0,0,138,1,26,2,200,0,1,0,0,0,0,0,0,0,1,0,0,0,0,0,0,0,0,HIGH
0,1,0,1,1,0,1,1,1,0,75,2,1,4,200,0,0,0,0,0,0,0,0,0,1,0,0,0,0,0,0,0,0,HIGH
0,1,0,1,1,0,0,1,1,1,92,3,8,7,302,1,0,0,0,0,0,0,0,0,1,0,0,0,0,0,0,1,0,CRITICAL
1,1,1,0,0,0,1,1,4,0,97,1,21,9,301,0,0,0,0,0,0,0,1,0,1,0,0,0,0,1,0,0,0,MEDIUM
1,1,1,1,1,1,1,1,4,0,115,3,17,1,302,0,0,0,0,0,0,0,0,0,0,0,0,0,0,0,1,0,0,SAFE
1,0,1,0,1,0,1,1,1,0,26,3,4,0,200,0,0,0,0,0,0,0,1,0,1,1,0,0,0,0,0,0,0,MEDIUM
0,1,0,1,1,0,1,1,3,2,38,2,8,2,302,0,0,0,0,0,0,0,0,0,1,0,0,0,0,0,0,1,0,HIGH
1,1,1,1,1,1,1,1,0,0,20,2,20,3,301,0,0,0,0,0,0,0,0,0,0,1,0,0,0,0,0,0,0,LOW
1,1,1,1,1,1,1,1,4,0,98,2,28,10,200,0,0,0,0,0,0,0,0,0,0,0,0,0,0,0,0,0,1,SAFE
1,1,0,0,1,1,1,0,1,0,94,2,5,2,301,0,0,0,0,0,0,0,1,0,1,0,0,0,0,0,0,0,0,MEDIUM
1,1,1,1,0,1,1,1,4,2,38,0,23,2,200,0,0,0,0,0,0,0,0,0,0,0,0,0,0,0,0,1,0,LOW
1,0,1,1,0,1,1,1,3,1,139,0,8,8,200,0,0,0,0,0,0,0,1,0,0,1,0,0,1,0,0,1,0,MEDIUM
1,0,0,1,1,0,1,1,1,1,147,2,3,1,200,0,0,0,0,0,0,0,0,0,1,1,0,0,0,0,0,1,0,MEDIUM
1,1,1,1,1,1,1,1,1,0,70,0,1,6,200,0,0,0,0,0,0,0,0,0,0,0,0,0,0,0,0,0,0,SAFE
1,1,1,1,1,1,1,1,0,0,28,4,26,7,302,0,0,0,0,0,0,0,0,0,0,0,0,0,0,0,0,0,1,SAFE
1,1,0,1,1,1,1,1,0,0,100,4,13,7,200,0,0,0,0,0,0,0,0,0,0,0,0,0,0,0,0,0,0,LOW
1,1,1,1,0,1,1,1,3,0,63,4,6,5,302,0,0,0,0,0,0,0,0,0,0,0,0,0,0,0,0,0,0,LOW
1,0,1,1,1,1,1,0,4,1,77,4,20,4,301,0,0,0,0,0,0,0,0,0,1,1,0,0,0,0,1,1,1,MEDIUM
1,1,1,1,1,1,1,1,3,0,44,2,1,6,301,0,0,0,0,0,0,0,0,0,0,1,0,0,0,0,0,0,0,LOW
1,1,1,1,1,1,1,0,2,0,81,4,20,4,200,0,0,0,0,0,0,0,1,0,1,0,0,0,0,0,0,0,0,MEDIUM
1,1,1,1,0,1,0,1,1,0,148,0,8,6,200,0,0,0,0,0,0,0,0,0,1,0,0,0,0,0,0,0,1,MEDIUM
0,1,0,1,1,0,1,1,1,0,141,3,7,5,200,1,1,0,0,0,0,0,0,0,1,0,0,0,0,0,0,0,0,CRITICAL
1,1,1,1,1,1,1,0,3,0,77,0,7,5,200,0,0,0,0,0,0,0,0,0,1,0,0,0,0,0,0,0,0,LOW
0,1,0,1,1,1,1,1,4,0,42,3,24,3,200,0,0,0,0,0,0,0,0,0,0,0,0,0,0,0,0,0,0,HIGH
1,1,1,1,1,1,1,1,3,0,40,0,24,2,200,0,0,0,0,0,0,0,0,0,0,0,0,0,0,1,0,0,1,SAFE
1,1,1,1,0,1,1,0,3,1,139,2,10,4,200,0,0,0,0,0,0,0,0,0,1,0,0,0,1,1,1,1,0,MEDIUM
0,1,0,1,1,1,1,1,4,0,38,2,3,5,200,1,1,0,0,0,1,0,0,0,0,0,0,0,0,1,0,0,0,CRITICAL
1,1,1,1,1,1,1,1,0,0,53,2,14,5,200,0,0,0,0,0,0,0,0,0,0,1,0,0,0,0,0,0,0,LOW
1,1,0,1,1,1,1,1,2,0,97,1,15,3,301,0,1,0,0,0,0,0,0,0,0,0,0,0,0,0,0,0,0,HIGH
1,1,1,1,1,1,0,1,3,0,84,1,10,10,302,1,1,0,0,0,0,0,0,0,1,0,0,0,0,0,0,0,0,CRITICAL
1,1,1,1,1,1,1,1,0,0,35,2,13,5,301,0,0,0,0,0,0,0,0,0,0,0,0,0,0,0,0,0,0,SAFE
1,1,1,1,0,1,1,1,1,1,140,1,25,10,200,0,0,0,0,0,0,0,0,0,0,0,0,0,0,0,0,1,1,LOW
1,1,0,1,1,1,1,1,4,0,34,0,24,9,200,0,0,0,0,0,0,0,0,0,0,0,0,0,0,0,0,0,0,LOW
1,0,1,1,1,1,0,1,2,0,32,0,24,6,200,0,0,0,0,3,0,0,0,0,1,1,0,0,0,0,0,0,0,HIGH
1,1,1,1,1,1,1,1,0,0,27,3,5,10,200,0,0,0,0,0,0,0,0,0,0,0,0,0,0,0,0,0,0,SAFE
1,1,1,1,1,1,1,1,4,0,138,4,10,10,200,0,0,0,0,0,0,0,0,0,0,0,0,0,0,0,0,0,0,SAFE
1,1,1,1,1,1,1,1,1,0,32,1,16,0,200,0,0,0,0,0,0,0,0,0,0,0,0,0,0,0,0,0,0,SAFE
1,1,0,1,1,1,1,1,1,0,26,4,4,3,200,0,0,0,0,0,0,0,0,0,0,0,0,0,0,0,1,0,0,LOW
1,1,1,1,1,1,1,0,3,0,68,2,0,5,200,0,0,0,0,3,0,1,0,0,1,0,0,0,0,0,1,0,0,HIGH
1,1,1,1,1,0,0,1,1,0,21,3,0,9,302,0,0,0,0,0,0,0,1,0,1,0,0,1,0,0,0,0,0,MEDIUM
1,1,0,1,1,1,1,1,3,0,150,4,12,2,301,0,0,0,0,0,0,0,0,0,0,0,0,0,0,0,0,0,0,LOW
1,1,1,1,1,1,1,1,0,0,113,3,23,7,200,0,0,0,0,0,0,0,0,0,0,0,0,0,0,0,0,0,1,SAFE
1,1,1,1,1,1,0,1,1,0,29,1,18,2,301,1,0,0,0,0,1,0,0,0,1,0,0,0,0,1,0,0,0,CRITICAL
1,1,1,1,1,1,1,0,3,1,103,0,16,3,200,0,0,0,0,0,0,0,0,0,1,0,0,1,0,0,0,1,1,LOW
1,1,1,0,1,1,1,1,2,0,127,1,2,7,200,0,0,0,0,0,0,0,1,0,0,0,0,1,0,0,0,0,1,MEDIUM
1,1,1,1,0,1,1,1,0,0,63,3,0,7,200,0,0,0,0,0,0,0,0,0,0,0,0,0,0,0,0,0,0,LOW
1,1,1,1,1,1,1,1,3,0,37,1,18,5,200,1,0,0,0,0,1,0,0,0,0,0,0,0,0,0,0,0,0,CRITICAL
1,1,1,1,1,1,1,1,1,0,141,2,4,10,301,0,0,0,0,0,0,0,0,0,0,0,0,0,0,0,0,0,0,SAFE
1,1,1,1,0,1,1,1,0,0,47,0,5,0,200,0,0,0,0,0,0,0,0,0,0,0,0,0,0,0,0,0,1,LOW
1,1,0,1,0,1,0,1,2,0,126,1,15,7,200,0,0,0,0,0,0,0,0,0,1,0,0,0,0,0,0,0,0,MEDIUM
1,1,0,1,1,1,1,1,3,1,125,3,3,0,200,0,0,0,0,0,0,0,0,0,0,0,0,0,0,1,0,1,0,LOW
1,1,1,1,1,1,1,1,3,0,73,0,5,7,200,0,0,0,0,0,0,0,0,0,0,0,0,0,0,0,0,0,0,SAFE
1,1,1,1,1,0,1,1,3,0,100,1,21,3,302,0,0,0,0,0,1,0,0,0,1,0,0,1,0,0,1,0,1,HIGH
0,1,0,1,1,0,1,1,2,0,94,1,28,0,200,0,0,0,0,0,0,0,0,0,1,0,0,0,0,0,0,0,0,HIGH
1,1,1,1,1,1,1,1,1,0,116,2,27,6,302,0,0,0,0,1,0,0,0,0,0,0,0,0,0,0,0,0,0,HIGH
1,0,1,1,0,1,1,1,0,0,138,1,1,2,200,0,0,0,0,0,0,0,0,0,0,1,0,0,0,0,0,0,0,MEDIUM
1,1,1,1,1,1,1,1,0,0,71,2,2,6,302,0,0,0,0,0,0,0,0,0,0,0,0,0,0,0,0,0,0,SAFE
1,1,0,1,1,1,1,1,0,0,112,3,28,8,301,0,0,0,0,0,0,0,0,0,0,0,0,0,0,0,0,0,0,LOW
0,1,0,1,1,0,1,1,3,0,46,3,28,4,200,1,1,0,0,0,1,0,0,0,1,0,0,0,0,0,0,0,0,CRITICAL
0,1,0,0,1,1,1,1,0,0,128,1,19,5,200,1,0,0,0,0,1,0,0,0,0,0,0,0,1,0,0,0,1,CRITICAL
1,1,1,0,1,1,1,1,4,0,62,1,17,6,200,1,0,0,0,0,1,0,0,0,0,0,0,0,0,0,0,0,0,CRITICAL
1,1,1,1,1,1,0,0,1,0,57,3,1,3,200,0,0,0,0,0,0,0,0,0,1,0,0,0,0,0,0,0,0,MEDIUM
1,1,1,1,1,1,1,1,1,0,70,1,21,2,302,0,0,0,0,0,0,0,0,0,0,0,0,0,0,0,0,0,1,SAFE
0,1,0,1,0,1,1,1,2,0,148,3,23,0,200,0,0,0,0,0,0,0,0,1,0,0,0,1,0,0,1,0,0,HIGH
1,1,0,1,0,0,1,0,1,0,117,4,21,6,200,0,0,0,0,0,0,0,0,0,1,0,0,0,0,0,0,0,0,MEDIUM
1,1,1,0,1,1,1,1,0,0,62,2,21,3,302,1,0,0,0,0,0,0,0,0,0,0,0,0,0,0,0,0,0,CRITICAL
1,1,1,1,1,1,1,1,0,0,58,0,22,8,200,0,0,0,0,0,0,0,0,0,0,0,0,0,0,0,0,0,0,SAFE
0,1,0,1,0,0,1,1,0,0,72,3,3,3,301,1,0,0,0,0,0,0,0,0,1,0,0,0,0,0,0,0,0,CRITICAL
1,1,1,1,1,1,1,1,0,0,58,4,27,10,200,0,0,0,0,0,0,0,0,0,0,0,0,0,0,0,0,0,1,SAFE
0,1,0,1,1,0,1,0,2,0,136,1,14,0,200,0,0,0,0,0,0,0,0,0,1,0,0,0,0,0,0,0,1,HIGH
1,1,1,1,1,1,1,1,2,0,109,0,0,2,301,0,0,0,0,0,0,0,0,0,0,0,0,1,0,0,1,0,1,SAFE
1,0,1,0,0,1,1,1,3,0,117,1,28,7,200,0,0,0,0,0,0,0,1,0,0,1,0,0,0,0,0,0,0,MEDIUM
1,1,1,1,1,1,1,1,1,0,52,1,21,0,200,1,0,0,0,0,0,0,0,0,0,0,0,0,0,0,0,0,0,CRITICAL
1,1,1,0,0,0,1,0,3,0,29,1,19,4,301,0,0,0,0,0,0,0,0,0,1,0,0,0,0,0,0,0,0,MEDIUM
1,1,1,1,1,1,1,1,3,0,87,1,4,2,200,1,0,0,0,0,0,0,0,0,0,0,0,0,0,0,0,0,1,CRITICAL
1,1,1,1,1,1,1,0,4,0,120,3,0,4,200,0,0,0,0,0,0,0,0,0,1,0,0,0,0,0,0,0,0,LOW
1,1,1,1,1,1,1,1,3,2,131,1,1,9,302,0,0,0,0,0,0,0,0,0,0,0,0,0,0,1,0,1,0,SAFE
1,1,1,1,1,1,1,1,1,0,32,3,16,9,301,0,0,0,0,0,0,0,0,0,0,0,0,0,0,0,0,0,0,SAFE
1,1,0,1,1,1,1,1,3,0,97,1,1,3,200,0,0,0,0,0,1,0,0,0,0,0,0,0,0,0,0,0,1,HIGH
0,1,0,1,0,0,1,1,3,0,143,2,27,2,301,0,0,0,0,0,0,0,0,1,1,0,0,0,0,0,1,0,0,HIGH
1,1,1,1,1,1,1,1,1,1,20,1,5,5,200,0,0,0,0,0,0,0,0,0,0,0,0,0,0,0,0,1,1,SAFE
1,1,1,1,1,1,1,1,0,0,100,2,8,6,302,1,0,0,0,0,0,0,0,0,0,0,0,0,0,0,0,0,0,CRITICAL
1,1,1,1,0,1,1,1,3,0,149,3,20,0,200,0,0,0,0,0,0,0,0,0,0,0,0,0,0,1,1,0,1,LOW
